guid,expression,meaning,add reverse?,kana,mnemonic,notes,tags
lf0y!xnL;@,お風呂,bath,Y,おふろ,,,"Genki, leech, lesson-6, Nouns"
LtCJ>pOvn_,漢字,kanji; Chinese character,Y,かんじ,,,"Genki, lesson-6, Nouns"
"CU+0Q9<,Dg",教科書,textbook,Y,きょうかしょ,,,"Genki, leech, lesson-6, Nouns"
fN~[z!4d3m,シーディー,CD,Y,,,,"Genki, lesson-6, Nouns"
jFXczS%WAU,シャワー,shower,Y,,,,"Genki, lesson-6, Nouns"
"L|I5cm{<,$",次,next,Y,つぎ,,,"Genki, leech, lesson-6, Nouns"
B9]wI=r+r),電車,train,Y,でんしゃ,,,"Genki, leech, lesson-6, Nouns"
J(zTtiDtPx,荷物,baggage / package,Y,にもつ,,,"Genki, leech, lesson-6, Nouns"
"xVp@T3,U/",パソコン,personal computer,Y,,,,"Genki, lesson-6, Nouns"
tay%f)7|F`,ページ,page,Y,,,,"Genki, lesson-6, Nouns"
"ynLGA;F{,~",窓,window,Y,まど,,,"Genki, lesson-6, Nouns"
N~L(-Ll(5T,夜,night,Y,よる,,,"Genki, lesson-6, Nouns"
ed2{f9)SLf,東口,east exit,Y,ひがしぐち,,,"Genki, Kanji_Practice, lesson-6, 東_and_西"
pWSaeC%U+m,東京,Tokyo,Y,とうきょう,,,"Genki, Japanese::Cities, Kanji_Practice, lesson-6, 東_and_西"
qlrMOnN[gb,関東,Kanto area,Y,かんとう,,,"Genki, Kanji_Practice, lesson-6, 東_and_西"
l[>ni.((b^,東洋,the East,Y,とうよう,,,"Genki, Kanji_Practice, leech, lesson-6, 東_and_西"
bXvZzaXBqX,西口,west exit,Y,にしぐち,,,"Genki, Kanji_Practice, lesson-6, 東_and_西"
E%;is[%Otc,北西,northwest,Y,ほくせい,,,"Genki, Kanji_Practice, leech, lesson-6, 東_and_西"
j1JZ_M3U!Q,関西,Kansai area,Y,かんさい,,,"Genki, Kanji_Practice, lesson-6, 東_and_西"
hXJ4@WHVhc,西洋,the West,Y,せいよう,,,"Genki, Kanji_Practice, leech, lesson-6, 東_and_西"
"M,+,k6WJ;u",大変,tough (situation),Y,たいへん（な）,,Also can be used as 'that was not fun',"Genki, lesson-6, な-adjective_and_U-verbs"
fV4%T;t.+!,南口,south exit,Y,みなみぐち,,,"Genki, Kanji_Practice, leech, lesson-6, 南_and_北"
teWh8Ee85I,南東,southeast,Y,なんとう,,,"Genki, Kanji_Practice, leech, lesson-6, 南_and_北"
rG@RrVQT_w,南極,Antarctica,Y,なんきょく,,,"Genki, Kanji_Practice, leech, lesson-6, 南_and_北"
RXo{Ap+@#,北極,North Pole,Y,ほっきょく,,,"Genki, Kanji_Practice, lesson-6, 南_and_北"
snA{&^M<Yh,北海道,Hokkaido,Y,ほっかいどう,,,"Genki, Japanese::Cities, Kanji_Practice, lesson-6, 南_and_北"
l5f~Ls**~$,口,mouth,Y,くち,,,"Genki, Kanji_Practice, lesson-6, 口_and_出"
J~b~uld4U{,人口,population,Y,じんこう,,,"Genki, Kanji_Practice, leech, lesson-6, 口_and_出"
c@jLXgznV0,入り口／入口,entrance,Y,いりぐち,,,"Genki, Kanji_Practice, lesson-6, 口_and_出"
Erk-;3;|}q,出口,exit,Y,でぐち,,,"Genki, Kanji_Practice, lesson-6, 口_and_出"
GTCTE2M|Z.,出席,attendance,Y,しゅっせき,,,"Genki, Kanji_Practice, leech, lesson-6, 口_and_出"
k8&/Hdrggq,輸出,export,Y,ゆしゅつ,,,"Genki, Kanji_Practice, leech, lesson-6, 口_and_出"
G>m>f&GC8D,後で,later on,Y,あとで,,,"Adverbs_and_Other_Expressions, Genki, leech, lesson-6"
IyW4`omP!H,遅く,(do something) late,Y,おそく,,,"Adverbs_and_Other_Expressions, Genki, leech, lesson-6"
xe@T&TyABS,～から,...because,Y,,,,"Adverbs_and_Other_Expressions, Genki, lesson-6"
udaMTT1rea,結構です,That would be fine.; That wouldn't be necessary.&nbsp;<br><br>(No Thank You),Y,けっこうです,,,"Adverbs_and_Other_Expressions, Genki, Japanese::Phrases, leech, lesson-6"
FQ%#k:tyE-,すぐ,right away,Y,,,,"Adverbs_and_Other_Expressions, Genki, leech, lesson-6"
v(iKu:!aT=,本当ですか,Really?,Y,"<span style=""color: rgb(34, 34, 34);"">ほん</span><span style=""color: rgb(34, 34, 34);"">とう</span>ですか",,,"Adverbs_and_Other_Expressions, Genki, lesson-6"
MX4L8@*ezX,ゆっくり,slowly; leisurely; unhurriedly,Y,,,,"Adverbs_and_Other_Expressions, Genki, lesson-6"
ulw4=sH1cG,右折,right turn,Y,うせつ,,,"Genki, Kanji_Practice, lesson-6, 右_and_左"
nWd1s#<A9y,左右,right and left,Y,さゆう,,,"Genki, Kanji_Practice, leech, lesson-6, 右_and_左"
P_hp7zZPIT,右手,right hand,Y,みぎて,,,"Genki, Kanji_Practice, lesson-6, 右_and_左"
Qi>M:Rk(}#,右側,right side,Y,みぎがわ,,,"Genki, Kanji_Practice, leech, lesson-6, 右_and_左"
lA#g4gJWf&,左折,left turn,Y,させつ,,,"Genki, Kanji_Practice, leech, lesson-6, 右_and_左"
"FP,XGrl0}o",左手,left hand,Y,ひだりて,,,"Genki, Kanji_Practice, leech, lesson-6, 右_and_左"
e8a.ooO)$~,左利き,left-handed,Y,ひだりきき,,,"Genki, Kanji_Practice, lesson-6, 右_and_左"
xLS2tDvbKa,自分,myself,Y,じぶん,,,"Genki, Kanji_Practice, leech, lesson-6, 分"
z^I?|R]RXo,先生,teacher,Y,せんせい,,,"Genki, Kanji_Practice, lesson-6, 分"
OWL+h63)HL,先に,ahead,Y,さきに,,,"Genki, Kanji_Practice, leech, lesson-6, 分"
I#0?6AK;Js,先輩,senior member,Y,せんぱい,,,"Genki, Kanji_Practice, lesson-6, 分"
N[CWUZt!bD,大学生,college student,Y,だいがくせい,,,"Genki, Kanji_Practice, lesson-6, 大_and_学"
M<8krR$8O?,大変な,tough,Y,たいへんな,,Also can be used as 'that was not fun',"Genki, Kanji_Practice, lesson-6, 大_and_学"
fUO!+!8tfJ,大人,adult,Y,おとな,,,"Genki, Kanji_Practice, lesson-6, 大_and_学"
zN%II]V^>S,大使館,embassy,Y,たいしかん,,,"Genki, Kanji_Practice, leech, lesson-6, 大_and_学"
JN!-*-FwH%,大学,university,Y,だいがく,,,"Genki, Kanji_Practice, lesson-6, 大_and_学"
EsIm62|>.1,学部,department; faculty,Y,がくぶ,,,"Genki, Kanji_Practice, leech, lesson-6, 大_and_学"
e1.U(lN@0o,外国,foreign country,Y,がいこく,,,"Genki, Kanji_Practice, leech, lesson-6, 外_and_国"
m|~Hei[2$m,外国人,foreigner,Y,がいこくじん,,,"Genki, Kanji_Practice, leech, lesson-6, 外_and_国"
FCcmyWCkR),外,outside,Y,そと,,,"Genki, Kanji_Practice, lesson-6, 外_and_国"
pDJE7FwFol,海外,overseas,Y,かいがい,,,"Genki, Kanji_Practice, lesson-6, 外_and_国"
wl-xS3N#-@,国,country,Y,くに,,,"Genki, Kanji_Practice, lesson-6, 外_and_国"
F4c#GfWIr:,韓国,South Korea,Y,かんこく,,,"Genki, Kanji_Practice, lesson-6, 外_and_国"
wT~GrG:Kq/,午後,P.M.; in the afternoon,Y,ごご,,,Genki
L*$6Iqfk6-,ごぜん,A.M.,Y,,,,Genki
dJ^0;1}T2a,～じ,O'clock,Y,,,,"Genki, leech"
jt{1]LzkGp,2時,Two o'clock,Y,にじ,,,"Genki, Kanji_Practice, 一_and_二"
&5nEne{ab,二年生,Second-year student,Y,にねんせい,,,"Genki, Kanji_Practice, 一_and_二"
FH[q#{n&f>,二つ,Two things,Y,ふたつ,,,"Genki, Japanese::Counters::つ, Kanji_Practice, leech, 一_and_二"
I)Z&n9D{5C,二日間,Two days,Y,ふつかかん,,,"Genki, Japanese::Counters::日, Kanji_Practice, leech, 一_and_二"
n3#}$7x/P`,三時,Three o'clock,Y,さんじ,,,"Genki, Kanji_Practice, 三_and_四"
C-GE[lC{:E,三年生,Third-year student,Y,さんねんせい,,,"Genki, Kanji_Practice, 三_and_四"
fByhqF9^L,三月,March,Y,さんがつ,,,"Genki, Japanese::Counters::月, lesson-4, Months, Useful_Expressions"
z49Z~hQ2/,四時,Four o'clock,Y,よじ,,,"Genki, Kanji_Practice, 三_and_四"
NeO/#u~eyC,四年生,Fourth-year student,Y,よねんせい,,,"Genki, Kanji_Practice, 三_and_四"
NA|?#REbg6,4月,April,Y,しがつ,,,"Genki, Japanese::Counters::月, leech, lesson-4, Months, Useful_Expressions"
C:<2GCFr>D,四つ,Four things,Y,よっつ,,,"Genki, Japanese::Counters::つ, Kanji_Practice, 三_and_四"
A:XQ^JrQn#,5時,Five o'clock,Y,ごじ,,,"Genki, Kanji_Practice, 五_and_六"
i;t/oO9vg[,5月,May,Y,ごがつ,,,"Genki, Japanese::Counters::月, lesson-4, Months, Useful_Expressions"
I8EkbYi3=b,五歳,Five years old,Y,ごさい,,,"Genki, Kanji_Practice, 五_and_六"
o|U[qMKuw#,五つ,Five things,Y,いっつ,,,"Genki, Japanese::Counters::つ, Kanji_Practice, leech, 五_and_六"
jiN!+<9[1@,六時,Six o'clock,Y,ろくじ,,,"Genki, Kanji_Practice, 五_and_六"
y=]sU)R!L`,六百,600 / Six hundred,Y,ろっぴゃく,,,"Genki, Kanji_Practice, 五_and_六"
jRM;HXwd|=,六分,Six minutes,Y,ろっぷん,,,"Genki, Kanji_Practice, 五_and_六"
d=])S`_@Em,六つ,Six things,Y,むっつ,,,"Genki, Japanese::Counters::つ, Kanji_Practice, 五_and_六"
DnhXTS)oQ9,九月,September,Y,くがつ,,,"Genki, Japanese::Counters::月, lesson-4, Months, Useful_Expressions"
pG)K/d?A3f,九歳,Nine years old,Y,きゅうさい,,,"Genki, Kanji_Practice, 九_and_十"
G_;B`E`bZ9,九つ,Nine things,Y,ここのつ,,,"Genki, Japanese::Counters::つ, Kanji_Practice, 九_and_十"
re6v5CNvY?,十時,Ten o'clock,Y,じゅうじ,,,"Genki, Kanji_Practice, 九_and_十"
c_vzP_`95~,10月,October,Y,じゅうがつ,,,"Genki, Japanese::Counters::月, lesson-4, Months, Useful_Expressions"
c.mN`o/5D,十歳,Ten years old,Y,じゅっさい／じっさい,,,"Genki, Kanji_Practice, 九_and_十"
hZ4z%ybP*2,三百,300 / Three hundred,Y,さんびゃく,,,"Genki, Kanji_Practice, 百"
b`Uz]AH>)l,にじゅうくにち,29th (of of the month),Y,,,,"Days_16-31, Genki, Japanese::Counters::日, lesson-4, Useful_Expressions"
MQ7{a}8(*i,さんじゅうにち,30th (of the month),Y,,,,"Days_16-31, Genki, Japanese::Counters::日, lesson-4, Useful_Expressions"
DLw+nvJvDO,三千,"3,000 / Three thousand",Y,さんぜん,,,"Genki, Kanji_Practice, 百"
ILggC<&<?C,八千,"8,000 / Eight thousand",Y,はっせん,,,"Genki, Kanji_Practice, 百"
Czw6l[}9v(,千円,"1,000 Yen",Y,せんえん,,,"Genki, Kanji_Practice, 百"
wnt+S84GzC,十万,"100,000 / One hundred thousand",Y,じゅうまん,,,"Genki, Kanji_Practice, 百"
LGpIjy67e>,百万,"1,000,000 / One million",Y,ひゃくまん,,,"Genki, Kanji_Practice, 百"
c<7]]!V>R#,百円,One hundred Yen,Y,ひゃくえん,,,"Genki, Kanji_Practice, 円_and_時"
L^Q[_jR1%o,十一月,November,Y,じゅういちがつ,,,"Genki, Japanese::Counters::月, lesson-4, Months, Useful_Expressions"
c;xqumu`fB,三日,Three days,Y,みっか,,,"Genki, Japanese::Counters::日, Kanji_Practice, leech, lesson-4, 日_and_本"
y|XW5}48bw,三人,Three people,Y,さんにん,,,"Genki, Japanese::Counters::人, Kanji_Practice, lesson-4, 人_and_月"
IkK+A?D9=b,一か月,One month,Y,いっかげつ,,,"Genki, Japanese::Counters::月, Kanji_Practice, leech, lesson-4, 人_and_月"
"zS1B$,mqd8",曜日,Day of the week,Y,ようび,,,"Genki, Kanji_Practice, lesson-4, 曜"
DVAb@;PpPg,三時半,Half past three,Y,さんじはん,,,"Genki, Kanji_Practice, lesson-4, 中_and_半"
"Pu,<^]zt-r",半年,Half a year,Y,はんとし,,,"Genki, Kanji_Practice, leech, lesson-4, 中_and_半"
"zNU,}SSyDU",土曜日,Saturday,Y,どようび,,,"Days, Genki, Kanji_Practice, lesson-4"
qGYVd2_b3G,一時,One o'clock,Y,いちじ,,,"Genki, Kanji_Practice, 一_and_二"
klmr#Z0lof,一つ,One thing,Y,ひとつ,,,"Genki, Kanji_Practice, 一_and_二"
g+rA[oKTg*,7日,7th (of the month),Y,なのか,,,"Days_1-15, Genki, Japanese::Counters::日, leech, lesson-4, Useful_Expressions"
"b,2gvnIRur",七時,Seven o'clock,Y,しちじ,,,"Genki, Kanji_Practice, 七_and_八"
Hu)j-n`)eo,7月,July,Y,しちがつ,,,"Genki, Japanese::Counters::月, lesson-4, Months, Useful_Expressions"
s%IVwoqQ&[,七つ,Seven things,Y,ななつ,,,"Genki, Japanese::Counters::つ, Kanji_Practice, 七_and_八"
k[jz`s(^S6,八時,Eight O'clock,Y,はちじ,,,"Genki, Kanji_Practice, 七_and_八"
heXb.lUvqM,八百,Eight hundred,Y,はっぴゃく,,,"Genki, Kanji_Practice, 七_and_八"
A0Y3WVHdlG,八歳,Eight years old,Y,はっさい,,,"Genki, Kanji_Practice, 七_and_八"
q>$<B4%MBf,八つ,Eight things,Y,やっつ,,,"Genki, Japanese::Counters::つ, Kanji_Practice, 七_and_八"
s@&1>HL>-N,9時,Nine o'clock,Y,くじ,,,"Genki, Kanji_Practice, 九_and_十"
IG=wP&:uC$,20日,20th (of the month),Y,はつか,,,"Days_16-31, Genki, Japanese::Counters::日, leech, lesson-4, Useful_Expressions"
K;6v3r6U:V,21日,21st (of the month),Y,"
にじゅういちにち",,,"Days_16-31, Genki, Japanese::Counters::日, lesson-4, Useful_Expressions"
f*h5cR*!l(,22日,22nd (of the month),Y,にじゅうににち,,,"Days_16-31, Genki, Japanese::Counters::日, lesson-4, Useful_Expressions"
zT>S-f_J!p,23日,23rd (of the month),Y,にじゅうさんにち,,,"Days_16-31, Genki, Japanese::Counters::日, lesson-4, Useful_Expressions"
n3xcjuadV8,24日,24th (of the month),Y,にじゅうよっか,,,"Days_16-31, Genki, Japanese::Counters::日, lesson-4, Useful_Expressions"
zNx]E$n>U`,25日,25th (of the month),Y,"
にじゅうごにち",,,"Days_16-31, Genki, Japanese::Counters::日, lesson-4, Useful_Expressions"
Oa5ld/Nj~},26日,26th (of the month),Y,にじゅうろくにち,,,"Days_16-31, Genki, Japanese::Counters::日, lesson-4, Useful_Expressions"
D[zbj&-bx9,27日,27th (of the month),Y,"
にじゅうしちにち",,,"Days_16-31, Genki, Japanese::Counters::日, lesson-4, Useful_Expressions"
Ji%7oUiw/`,28日,28th (of the month),Y,にじゅうはちにち,,,"Days_16-31, Genki, Japanese::Counters::日, lesson-4, Useful_Expressions"
lc0t71rg~w,31日,31st (of the month),Y,さんじゅういちにち,,,"Days_16-31, Genki, Japanese::Counters::日, lesson-4, Useful_Expressions"
"IN,[t:`m_O",1月,January,Y,いちがつ,,,"Genki, Japanese::Counters::月, lesson-4, Months, Useful_Expressions"
q9ncjy=U3b,2月,February,Y,にがつ,,,"Genki, Japanese::Counters::月, lesson-4, Months, Useful_Expressions"
D%myf5Y9BQ,6月,June,Y,ろくがつ,,,"Genki, Japanese::Counters::月, lesson-4, Months, Useful_Expressions"
b!rxl#6hdH,八月,August,Y,はちがつ,,,"Genki, Japanese::Counters::月, lesson-4, Months, Useful_Expressions"
o+5$T@*jdD,12月,December,Y,じゅうにがつ,,,"Genki, Japanese::Counters::月, lesson-4, Months, Useful_Expressions"
NjpA?i~01*,おととい,The day before yesterday,Y,,,,"Genki, leech, lesson-4, Time_Words, Useful_Expressions"
"bI=~4NRaj,",日曜日,Sunday,Y,にちようび,,,"Days, Genki, Kanji_Practice, lesson-4, 曜"
"CIm1%p,jf_",火曜日,Tuesday,Y,かようび,,,"Days, Genki, leech, lesson-4, Time"
e^zvLNoOH[,水曜日,Wednesday,Y,すいようび,,,"Days, Genki, lesson-4, Time"
tZxsP8zs?m,木曜日,Thursday,Y,もくようび,,,"Days, Genki, leech, lesson-4, Time"
i`X3;3`WpD,金曜日,Friday,Y,きんようび,,,"Days, Genki, leech, lesson-4, Time"
C#{ZdEcqZ@,元日,the first day of the year,Y,がんじつ,,,"Genki, Kanji_Practice, leech, lesson-5, 山"
ygpC}.2V14,1日,1st (of the month),Y,"
ついたち",,,"Days_1-15, Genki, Japanese::Counters::日, leech, lesson-4, Useful_Expressions"
"p[$,]bfmv^",２日,2nd (of the month),Y,ふつか,,,"Days_1-15, Genki, Japanese::Counters::日, lesson-4, Useful_Expressions"
x<[3G2T7d.,３日,3rd (of the month),Y,みっか,,,"Days_1-15, Genki, Japanese::Counters::日, lesson-4, Useful_Expressions"
"u.I&,FWyS`",四日,4th (of the month),Y,"
よっか",,,"Days_1-15, Genki, Japanese::Counters::日, lesson-4, Useful_Expressions"
Ev%J1MBc;K,5日,5th (of the month),Y,いつか,,,"Days_1-15, Genki, Japanese::Counters::日, lesson-4, Useful_Expressions"
LtahqENS1b,6日,6th (of the month),Y,"
むいか",,,"Days_1-15, Genki, Japanese::Counters::日, lesson-4, Useful_Expressions"
u$l*Q;8WJE,8日,8th (of the month),Y,ようか,,,"Days_1-15, Genki, Japanese::Counters::日, lesson-4, Useful_Expressions"
GA3!PaVK%F,ここのか,9th (of the month),Y,,,,"Days_1-15, Genki, Japanese::Counters::日, lesson-4, Useful_Expressions"
kX@aor&y`[,10日,10th (of the month),Y,とおか,,,"Days_1-15, Genki, Japanese::Counters::日, lesson-4, Useful_Expressions"
AX4lwjWHRH,11日,11th (of the month),Y,"
じゅういちにち",,,"Days_1-15, Genki, Japanese::Counters::日, lesson-4, Useful_Expressions"
p5:(eP`ZLd,12日,12th (of the month),Y,"
じゅうににち",,,"Days_1-15, Genki, Japanese::Counters::日, lesson-4, Useful_Expressions"
y0loH;~jTD,13日,13th (of the month),Y,"
じゅうさんにち",,,"Days_1-15, Genki, Japanese::Counters::日, lesson-4, Useful_Expressions"
MrFwOg1xnY,14日,14th (of the month),Y,じゅうよか,,,"Days_1-15, Genki, Japanese::Counters::日, lesson-4, Useful_Expressions"
Ig!xc3To@/,15日,15th (of the month),Y,じゅうごにち,,,"Days_1-15, Genki, Japanese::Counters::日, lesson-4, Useful_Expressions"
G4|ZsbK|Vh,16日,16th (of the month),Y,"
じゅうろくにち",,,"Days_16-31, Genki, Japanese::Counters::日, lesson-4, Useful_Expressions"
"Mx8:i,)!|Y",17日,17th (of the month),Y,じゅうしちにち,,,"Days_16-31, Genki, Japanese::Counters::日, lesson-4, Useful_Expressions"
zkLs0X}*[8,18日,18th (of the month),Y,じゅうはちにち,,,"Days_16-31, Genki, Japanese::Counters::日, lesson-4, Useful_Expressions"
AsY7X_&!.k,19日,19th (of the month),Y,じゅうくにち,,,"Days_16-31, Genki, Japanese::Counters::日, lesson-4, Useful_Expressions"
nzaxBRX|_8,あさって,The day after tomorrow,Y,,,,"Genki, leech, lesson-4, Time_Words, Useful_Expressions"
kg$`Zji6@n,二週間前,Two weeks ago,Y,にしゅうかんまえ,,,"Genki, lesson-4, Time_Words, Useful_Expressions"
Ah&t{Bf!$,今週,This week,Y,こんしゅう,,,"Genki, lesson-4, Time_Words, Useful_Expressions"
HEs}pF-m=4,来週,Next week,Y,らいしゅう,,,"Genki, lesson-4, Time_Words, Useful_Expressions"
fY1yz5U2<C,再来週,The week after next,Y,さらいしゅう,,,"Genki, lesson-4, Time_Words, Useful_Expressions"
E?;iu}W-iR,二か月前,Two months ago,Y,にかげつまえ,,,"Genki, leech, lesson-4, Time_Words, Useful_Expressions"
JMN8w|oTFt,先月,Last month,Y,せんげつ,,,"Genki, lesson-4, Time_Words, Useful_Expressions"
IX^]}&R-L>,今月,This month,Y,こんげつ,,,"Genki, Kanji_Practice, leech, lesson-5, 今_and_田"
Ai9Tp<wL;_,来月,Next month,Y,らいげつ,,,"Genki, lesson-4, Time_Words, Useful_Expressions"
PD3*GztW<o,再来月,The month after next,Y,さらいげつ,,,"Genki, lesson-4, Time_Words, Useful_Expressions"
z1O3h|Ncge,おととし,The year before last,Y,,,,"Genki, leech, lesson-4, Time_Words, Useful_Expressions"
tJHnsi@tqX,去年,Last year,Y,きょねん,,,"Genki, lesson-4, Time_Words, Useful_Expressions"
A;fI`y>e@x,今年,this year,Y,ことし,,,"Genki, Kanji_Practice, leech, lesson-5, 今_and_田"
IykP3/0ePV,来年,Next year,Y,らいねん,,,"Genki, leech, lesson-4, Time_Words, Useful_Expressions"
E~g>OvIW)],再来年,The year after next,Y,さらいねん,,,"Genki, lesson-4, Time_Words, Useful_Expressions"
kthYxR~alb,昨日,Yesterday,Y,きのう,,,"Genki, leech, lesson-4, Time"
u^$_ps6:SR,～時間,...Hours,Y,～じかん,,,"Genki, Japanese::Counters::時間, leech, lesson-4, Time"
CMFKNGiwn1,一時間,One hour,Y,いちじかん,,,"Genki, Japanese::Counters::時間, leech, lesson-4, Time"
2O[d5(s9o,先週,Last week,Y,せんしゅう,,,"Genki, leech, lesson-4, Time"
qOtx[V.V)f,月曜日,Monday,Y,げつようび,,,"Days, Genki, lesson-4, Time"
pfA86FZ]xA,五分,five minutes,Y,ごふん,,,"Genki, Kanji_Practice, lesson-6, 分"
Ek*HWnF=g*,十分,ten minutes,Y,じゅっぷん／じっぷん,,,"Genki, Kanji_Practice, lesson-6, 分"
M`k?O4u#f%,百五十円になります。,It will be 150 yen.,N,,,,"At_the_Post_Office, Genki, lesson-5, Useful_Expressions"
o`lLu!e1%n,まっすぐ行く,Go straight,Y,まっすぐいく,,,"Directions, Genki, leech, lesson-6, Useful_Expressions"
"Q,64i!|?M%",左に曲がる,Turn left,Y,ひだりにまがる,,,"Directions, Genki, leech, lesson-6, Useful_Expressions"
gyvl[J.Iq/,右に曲がる,Turn right,Y,みぎにまがる,,,"Directions, Genki, lesson-6, Useful_Expressions"
E63F.-8B6^,道を渡る,Cross the street,Y,みちをわたる,,,"Directions, Genki, leech, lesson-6, Useful_Expressions"
bavY;/-()w,あの,Um...,Y,,,,Genki
uC:?ffJc8~,いま,now,Y,,,,Genki
Gl?(k!eL6A,えいご,English (language),Y,,,,Genki
DGMgDZA?ll,ええ,yes,Y,,,,Genki
m-3$DZ?$yN,がくせい,student,Y,,,,Genki
Bd#|%y|bo9,～ご,...language,Y,,,,Genki
Q{H?X0M{$0,こうこう,high school,Y,,,,Genki
t~}!0Q-s@},～さい,...years old,Y,,,,Genki
xEB=&&=}Hf,～さん,Mr./Ms....,Y,,,,Genki
c-7N!N`v0C,～じん,...people,Y,,,,Genki
pZ)T:e{rOY,せんこう,major,Y,,,,"Genki, leech"
e15]0/4gkR,せんせい,Teacher / Professor,Y,,,,Genki
c2oN?w|(W6,そうです,That's right.,Y,,,,"Genki, Japanese::Phrases"
m]@O9n}GHd,そうですか,I see.; Is that so?,Y,,,,Genki
rhfi4.P@:L,だいがく,college; university,Y,,,,Genki
h^Y(+v4f>_,でんわ,telephone,Y,,,,Genki
"El]ukpS,9;",ともだち,friend,Y,,,,Genki
tuynsnI_12,なまえ,name,Y,,,,Genki
vx#590L5pA,なん／なに,what,Y,,,,Genki
Gx/JVUhrp$,～ねんせい,...year student,Y,,,,Genki
D&+V10uV^-,はい,Yes,Y,,,,Genki
uyyvuJOZdA,はん,half,Y,,,,Genki
q292i|by$0,ばんごう,number,Y,,,,Genki
tbI-oa((FN,りゅうがくせい,international student,Y,,,,Genki
vb|T[pgm5/,私,I,Y,わたし,,,Genki
fZ27zNB.1^,アメリカ,U.S.A.,Y,,,,"Countries, Genki"
p=5K8a~qBW,イギリス,Britain,Y,,,,"Countries, Genki"
Al.95Zv)fT,オーストラリア,Australia,Y,,,,"Countries, Genki"
rav{$)g2m%,かんこく,Korea,Y,,,,"Countries, Genki"
P`h(j:Pl*?,スウェーデン,Sweden,Y,,,,"Countries, Genki"
Oyl=|`Me`l,ちゅうごく,China,Y,,,,"Countries, Genki"
I9~0ED@Ut1,かがく,science,Y,,,,"Genki, Majors"
b;V[KQkJ^.,アジアけんきゅう,Asian studies,Y,,,,"Genki, Majors"
FTY@BDWy4,けいざい,economics,Y,,,,"Genki, Majors"
P_*nAxH5{M,こくさいかんけい,international relations,Y,,,,"Genki, Majors"
A(j~|%UkSp,コンピューター,computer,Y,,,,"Genki, Majors"
nR]?n3{3?),じんるいがく,anthropology,Y,,,,"Genki, Majors"
k%S:39}l1H,せいじ,politics,Y,,,,"Genki, Majors"
JYZFJbV]BU,ビジネス,Business,Y,,,,"Genki, Majors"
J*jxxRKC1Z,ぶんがく,literature,Y,,,,"Genki, leech, Majors"
C3e|3+NDlU,れきし,history,Y,,,,"Genki, Majors"
J[C}>FQ)w$,しごと,job; work; occupation,Y,,,,"Genki, Occupations"
C9&H<|(Jp&,いしゃ,doctor,Y,,,,"Genki, Occupations"
LdyPdXF0?P,かいしゃいん,office worker,Y,,,,"Genki, Occupations"
MtV`e+mV)k,こうこうせい,high school student,Y,,,,"Genki, Occupations"
z{=lVwsW17,しゅふ,housewife,Y,,,,"Genki, Occupations"
m}vM<Y@W{6,だいがくいんせい,graduate student,Y,,,,"Genki, leech, Occupations"
n!GCg%SMJf,だいがくせい,college student,Y,,,,"Genki, Occupations"
vS&y/-~7.W,べんごし,lawyer,Y,,,,"Genki, leech, Occupations"
"ecSEG^BS,]",おかあさん,mother,Y,,,,"Family, Genki"
u]s$qruvf5,おとうさん,father,Y,,,,"Family, Genki"
mc()ZM>d}K,おねえさん,older sister,Y,,,,"Family, Genki"
h#=E=Ka>YN,おにいさん,older brother,Y,,,,"Family, Genki"
"q.p&}2~,,+",いもうと,younger sister,Y,,,,"Family, Genki, leech"
v@RC5#dv|d,おとうと,younger brother,Y,,,,"Family, Genki"
yWWgz0QcH{,三つ,Three things,Y,みっつ,,,"Genki, Japanese::Counters::つ, Kanji_Practice, 三_and_四"
tL>aIG6)Fw,オレンジジュース,Orange Juice,Y,,,,"Genki, Katakana_Practice"
pnhe.QuXbn,フライドポテト,French Fries,Y,,,,"Genki, Katakana_Practice"
MuI~bcA^+=,ケーキ,Cake,Y,,,,"Genki, Katakana_Practice"
BIgJi82s$&,サラダ,Salad,Y,,,,"Genki, Katakana_Practice"
v$av={RLWJ,チョコレートパフェ,Chocolate Parfait,Y,,,,"Genki, Katakana_Practice, lesson-2, Word_Match"
c>`T^o52~Y,コーヒー,Coffee,Y,,,,"Genki, Katakana_Practice"
J7Coa{5HL=,サンドイッチ,Sandwich,Y,,,,"Genki, Katakana_Practice"
C3;Y{H{qci,ステーキ,Steak,Y,,,,"Genki, Katakana_Practice"
O(]EGE%0EA,スパゲッティ,Spaghetti,Y,,,,"Genki, Katakana_Practice"
n6;mIPBze^,ピザ,Pizza,Y,,,,"Genki, Katakana_Practice"
qJHek45x^/,トースト,Toast,Y,,,,"Genki, Katakana_Practice"
kjD}is8fR@,レモンティー,Lemon Tea,Y,,,,"Genki, Katakana_Practice"
O?nFCJ]XWw,円高,Strong Yen,Y,えんだか,,,"Genki, Kanji_Practice, 円_and_時"
:g$IJ#J|`,円い,round,Y,まるい,,,"Genki, Kanji_Practice, leech, 円_and_時"
OadHG1z{ug,日本,Japan,Y,にほん,,,"Genki, Kanji_Practice, lesson-4, 日_and_本"
"mXy(Me,!,m",時計,watch,Y,とけい,,,"Genki, Kanji_Practice, 円_and_時"
wc@WgayTH5,ウィーン,Vienna,Y,,,,"Genki, Katakana_Practice, lesson-5, Match_the_Words"
"e1H%/4I,|r",日記,diary,Y,にっき,,,"Genki, Kanji_Practice, leech, lesson-4, 日_and_本"
tm]rG%=Zfv,日本語,Japanese language,Y,にほんご,,,"Genki, Kanji_Practice, lesson-4, 日_and_本"
k/G3(+{5/d,山本さん,Mr./Ms. Yamamoto,Y,やまもとさん,,,"Genki, Kanji_Practice, lesson-4, 日_and_本"
j/yxhAcd0R,日本人,Japanese people,Y,にほんじん,,,"Genki, Kanji_Practice, lesson-4, 人_and_月"
dq2Gt9]RB],この人,this person,Y,このひと,,,"Genki, Kanji_Practice, leech, lesson-4, 人_and_月"
wz^v7Gs[3m,火山,volcano,Y,かざん,,,"Genki, Kanji_Practice, leech, lesson-4, 火_and_水"
cZ.:Mk}0_8,花火,fireworks,Y,はなび,,,"Genki, Kanji_Practice, leech, lesson-4, 火_and_水"
OJQdwk7Q8U,火星,Mars,Y,かせい,,,"Genki, Kanji_Practice, leech, lesson-4, 火_and_水"
EpW43uj*lJ,水泳,swimming,Y,すいえい,,,"Genki, Kanji_Practice, lesson-4, 火_and_水"
Jz&&k41k6P,水道,water supply,Y,すいどう,,,"Genki, Kanji_Practice, leech, lesson-4, 火_and_水"
"O,ee2tKBEQ",水着,Bathing suit,Y,みずぎ,,,"Genki, Kanji_Practice, lesson-4, 火_and_水"
AK|ccb~f%r,木村さん,Mr./Ms. Kimura,Y,きむらさん,,,"Genki, Kanji_Practice, lesson-4, 木"
tyN=#~m6z:,お金,money,Y,おかね,,,"Genki, Kanji_Practice, leech, lesson-4, 木"
c?PvcSX)yI,料金,Charge,Y,りょうきん,,,"Genki, Kanji_Practice, leech, lesson-4, 木"
lQiDu~fQ3e,お金持ち,rich person,Y,おかねもち,,,"Genki, Kanji_Practice, leech, lesson-4, 木"
c&mDrp(Y%o,土地,Land,Y,とち,,,"Genki, Kanji_Practice, leech, lesson-4, 木"
J4V9r!in&B,粘土,clay,Y,ねんど,,,"Genki, Kanji_Practice, lesson-4, 木"
"u~g^,a}qm=",上手な,Good at,Y,じょうずな,,,"Genki, Kanji_Practice, leech, lesson-4, 曜"
"NKmfy,FA94",屋上,Rooftop,Y,おくじょう,,,"Genki, Kanji_Practice, leech, lesson-4, 曜"
jUpI)eVz8z,地下鉄,Subway,Y,ちかてつ,,,"Genki, Kanji_Practice, leech, lesson-4, 曜"
xF;~J5X!VS,下手な,Poor at,Y,へたな,,,"Genki, Kanji_Practice, leech, lesson-4, 曜"
qY3%5Bh#K=,下さい,Please give/do...,Y,ください,,,"Genki, Kanji_Practice, lesson-4, 曜"
Q__Aidy%&w,中国,China,Y,ちゅうごく,,,"Genki, Kanji_Practice, lesson-4, 中_and_半"
B?4Q<%[!r7,中学,junior high school,Y,ちゅうがく,,,"Genki, Kanji_Practice, leech, lesson-4, 中_and_半"
jzac3&EX(N,一年中,all year round,Y,いちねんじゅう,,,"Genki, Kanji_Practice, leech, lesson-4, 中_and_半"
i8a;#YCveZ,半分,half,Y,はんぶん,,,"Genki, Kanji_Practice, lesson-4, 中_and_半"
w`xelYD8T/,半額,Half price,Y,はんがく,,,"Genki, Kanji_Practice, lesson-4, 中_and_半"
Ii_cA]eUZg,これ,this one,Y,,,,"Genki, Words_that_Point"
"LWK-K,alh7",それ,that one,Y,,,,"Genki, Words_that_Point"
uL-21~qgks,あれ,that one (over there),Y,,,,"Genki, Words_that_Point"
"L8|3,S7ZC>",どれ,which one,Y,,,,"Genki, leech, Words_that_Point"
BX|)7`]Y_},この,this...,Y,,,,"Genki, Words_that_Point"
y8n[Y={#||,その,that...,Y,,,,"Genki, Words_that_Point"
fiHk+=ciXV,あの,that... (over there),Y,,,,"Genki, Words_that_Point"
e9=?<_&D$$,どの,which...,Y,,,,"Genki, Words_that_Point"
LUeL^3iz=H,ここ,here,Y,,,,"Genki, Words_that_Point"
N9pos5Bm+t,そこ,there,Y,,,,"Genki, Words_that_Point"
HILYT[t*r`,あそこ,over there,Y,,,,"Genki, Words_that_Point"
zdRm[Q&S{G,どこ,Where,Y,,,,"Genki, Words_that_Point"
Msb%?LCNe),だれ,who,Y,,,,"Genki, leech, Words_that_Point"
hFxoQ*p?qP,おいしい,delicious,Y,,,,"Food, Genki"
pumACC^la|,さかな,fish,Y,,,,"Food, Genki"
i.l{k*h]kn,とんかつ,pork cutlet,Y,,,,"Food, Genki"
y{&XHZ=@L3,肉,meat,Y,にく,,,"Food, Genki"
qMHVlhe4|_,メニュー,menu,Y,,,,"Food, Genki"
Ht:yS?14:X,やさい,vegetable,Y,,,,"Food, Genki, leech"
J]oq&{HCvS,えんぴつ,Pencil,Y,,,,"Genki, Things"
B**_CC7)Pb,かさ,umbrella,Y,,,,"Genki, leech, Things"
fF?sXneHZf,かばん,bag,Y,,,,"Genki, Things"
"d`D;0Gh,2Q",くつ,shoes,Y,,,,"Genki, Things"
z;axJOvIZ[,さいふ,wallet,Y,,,,"Genki, leech, Things"
k%L)U%c]QT,ジーンズ,jeans,Y,,,,"Genki, Things"
Je4yil0zI-,じしょ,dictionary,Y,,,,"Genki, Things"
"o-g,5*#2`v",じてんしゃ,bicycle,Y,,,,"Genki, Things"
K%Ot0-O(o3,しんぶん,newspaper,Y,,,,"Genki, Things"
KUa>p8jO<0,Ｔシャツ,T-shirt,Y,,,,"Genki, Things"
KIn{;Dc(N&,とけい,watch; clock,Y,,,,"Genki, Things"
ek&i{OQf=s,ノート,notebook,Y,,,,"Genki, Things"
MD<~=u/|^%,ペン,Pen,Y,,,,"Genki, Things"
QpV$/.73Pg,ぼうし,hat; cap,Y,,,,"Genki, Things"
MQO)Kb+tew,ほん,book,Y,,,,"Genki, Things"
jo@|Dg~z1*,きっさてん,cafe,Y,,,,"Genki, Places"
weYDx$!$&8,ぎんこう,bank,Y,,,,"Genki, Places"
wW4His=5o],トイレ,Toilet; restroom,Y,,,,"Genki, Places"
D_e<o0TZ*G,としょかん,library,Y,,,,"Genki, leech, Places"
PX}T;zn920,ゆうびんきょく,post office,Y,,,,"Genki, Places"
ql^1Zr)c$o,いくら,how much,Y,,,,"Genki, Money_and_Expressions"
qfnnqGi<;%,～えん,...yen,Y,,,,"Genki, Money_and_Expressions"
IcaVQSw5//,たかい,expensive; high,Y,,,,"Genki, Money_and_Expressions"
eRSOyBfq#},いらっしゃいませ,Welcome (to our store).,Y,,,,"Genki, Money_and_Expressions"
Q%dqz=$@Vj,（～を）おねがいします,"..., please.",Y,,,,"Genki, Money_and_Expressions"
OZo1d2M{jw,（～を）ください,Please give me...,Y,,,,"Genki, Money_and_Expressions"
i;;-+Lsy8A,じゃあ,"then...; if that is the case,...",Y,,,,"Genki, Money_and_Expressions"
M-03My7)T_,どうぞ,Please.; Here it is.,Y,,,,"Genki, Money_and_Expressions"
"ba/Q:I,hAC",どうも,Thank you.,Y,,,,"Genki, Money_and_Expressions"
yhq2]TMpKJ,よく,often; much,Y,,,,"Adverbs, Genki"
mD5gUgeX<f,いい,good,Y,,,,"Adjectives_and_Expressions, Genki"
k^b)BDn==E,早い,early,Y,はやい,,,"Adjectives_and_Expressions, Genki, leech"
fy/bmLOARF,そうですね,That's right.; Let me see.,Y,,,,"Adjectives_and_Expressions, Genki"
I~qK|EC>*y,でも,but,Y,,,,"Adjectives_and_Expressions, Genki"
OcyG);f>&U,どうですか,How about...?; How is it?,Y,,,,"Adjectives_and_Expressions, Genki, leech"
x|CgBxBpNY,アイスクリーム,ice cream,Y,,,,Genki
z+hrtHFuBC,ハンバーガー,hamburger,Y,,,,Genki
J2UYaNM5B#,コーヒー,coffee,Y,,,,Genki
P:?<pvV*;9,～ぐらい,About (an approximate measurement),Y,,,,"Adverbs_and_Expressions, Genki, lesson-4"
e4Dd[Pa6Xy,ごめんなさい,I'm sorry.,Y,,,,"Adverbs_and_Expressions, Genki, lesson-4"
j]|ltJrvR$,だから,so; therefore,Y,,,,"Adverbs_and_Expressions, Genki, leech, lesson-4"
l-0W.H`P/p,こくばん,blackboard,Y,,,,"Genki, leech, Useful_Expressions"
Ml<q`{[;;Y,でんき,(electric) light,Y,,,,"Genki, leech, Useful_Expressions"
J%g-WohpUs,ドア,door (western-style),Y,,,,"Genki, Useful_Expressions"
O_72&Iber|,カーテン,curtain; curtains,Y,,,,"Genki, Useful_Expressions"
eByt:J@ubF,まど,window,Y,,,,"Genki, Useful_Expressions"
b;eO*psi22,いす,chair; stool,Y,,,,"Genki, Useful_Expressions"
esJQv]D9zk,つくえ,Desk,Y,,,,"Genki, Useful_Expressions"
v5/Fl9`kmJ,けしゴム,eraser,Y,,,,"Genki, Useful_Expressions"
J:`QG2Pb#P,近く,Near; Nearby,Y,ちかく,,,"Genki, leech, lesson-4, Location_Words"
qd#AHFVK91,隣,next,Y,となり,,,"Genki, leech, lesson-4, Location_Words"
s!y@O{8:M^,わかりましたか。,Do you understand?,Y,,,,"Genki, In_the_Classroom, Japanese::Phrases, Useful_Expressions"
gd4!H^(VP(,わかりました。,I understood.,Y,,,,"Genki, In_the_Classroom, Useful_Expressions"
NyOOkrKch{,わかりません。,I don't understand./I don't know.,Y,,,,"Genki, In_the_Classroom, Japanese::Phrases, Useful_Expressions"
m%]~!NZz#7,ゆっくりいってください。,Please say it slowly.,Y,,,,"Genki, In_the_Classroom, Useful_Expressions"
dt?Nv;`uv>,もういちどいってください。,Please say it again.,Y,,,,"Genki, In_the_Classroom, Japanese::Phrases, leech, Useful_Expressions"
K9vjHh3m+y,ちょっとまってください。,Please wait.,Y,,,,"Genki, In_the_Classroom, Japanese::Phrases, leech, Useful_Expressions"
Od}7C1(bo!,きいてください。,Please listen./Please ask.,Y,,,,"Genki, In_the_Classroom, Useful_Expressions"
cvtT@k;Y_M,七人,Seven people,Y,ななにん／しちにん,,,"Genki, Japanese::Counters::人, Kanji_Practice, 七_and_八"
A1Iq382e_q,見物,Sightseeing,Y,けんぶつ,,,"Genki, Kanji_Practice, leech, lesson-5, 見_and_行"
m@}fFwQ-_/,花見,Flower viewing,Y,はなみ,,,"Genki, Kanji_Practice, lesson-5, 見_and_行"
NL`I_EmO|H,食堂,cafeteria,Y,しょくどう,,,"Genki, Kanji_Practice, leech, lesson-5, 食_and_飲"
z/a<EDK9Pw,朝食,breakfast (at a hotel),Y,ちょうしょく,,More formal / like in a hotel.,"Genki, Kanji_Practice, leech, lesson-5, Meals, 食_and_飲"
g8O]BW+5>t,コンサート,concert,Y,,,,"Genki, Katakana_Practice, lesson-5, Match_the_Words"
hLbM=V~z1M,カフェ,cafe,Y,,,,"Genki, Katakana_Practice, lesson-5, Match_the_Words"
BbR75jhoLZ,クラシック,classical music,Y,,,,"Genki, Katakana_Practice, lesson-5, Match_the_Words"
Je[mc^]+r%,ケーキ,cake,Y,,,,"Genki, Katakana_Practice, lesson-5, Match_the_Words"
y#p3qKRtq>,映画,Movie,Y,えいが,,,"Entertainment_and_Sports, Genki"
Qk&AxB+N0o,音楽,music,Y,おんがく,,,"Entertainment_and_Sports, Genki, leech"
qoU+]84=6k,雑誌,magazine,Y,ざっし,,,"Entertainment_and_Sports, Genki"
d;1<pwesbU,スポーツ,Sports,Y,,,,"Entertainment_and_Sports, Genki, Japanese::Sports"
Ny^P(}#>V?,デート,"date (romantic, not calendar)",Y,,,,"Entertainment_and_Sports, Genki"
iMiLReg5/D,テニス,tennis,Y,,,,"Entertainment_and_Sports, Genki, Japanese::Sports"
"dVL.iS.aK,",テレビ,TV,Y,,,,"Entertainment_and_Sports, Genki"
"Gr%R,~,L);",机,Desk,Y,つくえ,,,"Genki, lesson-4, People_and_Things"
d#BM0Fj(JQ,朝ご飯,Breakfast,Y,あさごはん,,The more casual form&nbsp; / Also used by families,"Genki, Meals"
izvZ8T=xgp,お酒,sake; alcohol,Y,おさけ,,,Genki
pPoDBL!H@g,お茶,green tea,Y,おちゃ,,,Genki
"qNz,#iR)~M",晩ご飯,dinner,Y,ばんごはん,,,"Genki, Meals"
tUdb2>BB8*,昼ご飯,lunch,Y,ひるごはん,,,"Genki, Meals"
g8b;M.Oh~|,家,home; house,Y,いえ,,,"Genki, Places_and_Time"
mac]Pa:hZ7,うち,home; house; (my place),Y,,,Talking about my home which you are more attached.,"Genki, Places_and_Time"
"uc<9,szVSA",学校,school,Y,がっこう,,,"Genki, leech, Places_and_Time"
os^wUD%/o5,朝,Morning,Y,あさ,,,"Genki, Places_and_Time"
w3o-Jx~O)4,明日,tomorrow,Y,あした,,,"Genki, leech, Places_and_Time"
Ol}Jjq#B{y,いつ,when,Y,,,,"Genki, leech, Places_and_Time"
oiK0vB}6Ce,今日,today,Y,きょう,,,"Genki, Kanji_Practice, lesson-5, 今_and_田"
"w7p@c2,S;8",～ごろ,at about...,Y,,,,"Genki, Places_and_Time"
phB0{me<cF,今晩,Tonight,Y,こんばん,,,"Genki, Kanji_Practice, leech, lesson-5, 今_and_田"
O@Cz6A+&PO,週末,weekend,Y,しゅうまつ,,,"Genki, Places_and_Time"
A#_RRA[a>],毎日,every day,Y,まいにち,,,"Genki, Kanji_Practice, lesson-4, 日_and_本"
Hq!d}iI!X*,毎晩,Every night,Y,まいばん,,,"Genki, Places_and_Time"
x$.NV6f&d[,あまり,not much,Y,,,,"Adverbs, Genki, leech"
o^|RTh/Db:,全然,not at all,Y,ぜんぜん,,,"Adverbs, Genki, leech"
jy`tIdXt02,たいてい,usually,Y,,,,"Adverbs, Genki, leech"
siBzAH.S2e,ちょっと,a little,Y,,,,"Adverbs, Genki"
zYv5gtluq],時々,sometimes,Y,ときどき,,,"Adverbs, Genki"
b7gGv4Me1m,一年生,first-year student,Y,いちねんせい,,,"Genki, Kanji_Practice, 一_and_二"
"A7rLw|,s}2",書留,registered mail,Y,かきとめ,,,"Genki, lesson-5, Post_Office_Words, Useful_Expressions"
BD.%/%pol$,たくさん,many; a lot,Y,,,,"Adverbs_and_Expressions, Genki, lesson-4"
Ld[yy5D~?),～と,together with (a person),Y,,,,"Adverbs_and_Expressions, Genki, lesson-4"
lbt36*3jCd,どうして,why,Y,,,,"Adverbs_and_Expressions, Genki, leech, lesson-4"
xr%;+bR+ZF,一人で,alone,Y,ひとりで,,,"Adverbs_and_Expressions, Genki, leech, lesson-4"
p(%65f}<:!,右,right (direction),Y,みぎ,,,"Genki, lesson-4, Location_Words"
LO(RHP~pfP,後ろ,Back,Y,うしろ,,,"Genki, leech, lesson-4, Location_Words"
o&?[Cheg@g,富士山,Mt. Fuji,Y,ふじさん,,,"Genki, Kanji_Practice, lesson-5, 山"
"t$HqI,*cmi",小川さん,Mr./Ms. Ogawa,Y,おがわさん,,,"Genki, Kanji_Practice, lesson-5, 山"
JaoO+iQ)+C,元気な,fine,Y,げんきな,,,"Genki, Kanji_Practice, lesson-5, 山"
LQS/(Eh8T/,天皇,Japanese emperor,Y,てんのう,,,"Genki, Kanji_Practice, leech, lesson-5, 気"
HFDC2}RV!1,女の人,woman (kun-yomi),Y,おんなのひと,,,"Genki, Kanji_Practice, lesson-5, 女_and_男"
F6g)cNi6d@,女性,"Female / (Woman, more formal)",Y,じょせい,,On yomi,"Genki, Kanji_Practice, lesson-5, 女_and_男"
I=9gxo?%cE,女の子,girl,Y,おんなのこ,,,"Genki, Kanji_Practice, leech, lesson-5, 女_and_男"
qyKe`H7k>i,男の人,man (kun-yomi)&nbsp;,Y,おとこのひと,,,"Genki, Kanji_Practice, lesson-5, 女_and_男"
AX?gFdi_hK,男性,male (or man (on-yomi)),Y,だんせい,,,"Genki, Kanji_Practice, leech, lesson-5, 女_and_男"
i9}({H&jDq,男の子,boy,Y,おとこのこ,,,"Genki, Kanji_Practice, lesson-5, 女_and_男"
"k,+PB&[v<Y",男子学生,male student,Y,だんしがくせい,,,"Genki, Kanji_Practice, lesson-5, 女_and_男"
o2Gi68cI_?,意見,opinion,Y,いけん,,,"Genki, Kanji_Practice, lesson-5, 見_and_行"
wcx`:4N)(E,銀行,bank,Y,ぎんこう,,,"Genki, Kanji_Practice, lesson-5, 見_and_行"
r/>%W_dy*{,食事,meal,Y,しょくじ,,,"Genki, Kanji_Practice, leech, lesson-5, Meals, 食_and_飲"
rs{M~7-;nK,あなた,you,Y,,,,"Genki, lesson-4, People_and_Things"
qC%i6vBp7x,いす,chair,Y,,,,"Genki, leech, lesson-4, People_and_Things"
"m_@w,7!dBY",犬,dog,Y,いぬ,,,"Genki, lesson-4, People_and_Things"
tU~neHjsUG,お土産,souvenir,Y,おみやげ,,,"Genki, leech, lesson-4, People_and_Things"
i?^nsK;5HX,子供,child,Y,こども,,,"Genki, leech, lesson-4, People_and_Things"
M:Bfq8Lz<n,ご飯,rice; meal,Y,ごはん,,,"Genki, lesson-4, Meals, People_and_Things"
u.$l(TUa>0,写真,picture; photograph,Y,しゃしん,,,"Genki, lesson-4, People_and_Things"
LJEn<Ma0SX,テスト,test,Y,,,,"Genki, lesson-5, Nouns"
tMi[!#ND%.,手紙,letter,Y,てがみ,,,"Genki, leech, lesson-4, People_and_Things"
sBKh%pIdPQ,猫,cat,Y,ねこ,,,"Genki, lesson-4, People_and_Things"
D1+7BIKTP[,パン,bread,Y,,,,"Genki, lesson-4, People_and_Things"
qtK8uYXo{w,バス,bus,Y,,,,"Genki, lesson-5, Nouns"
Dj9J:uZbtV,メール,e-mail,Y,,,,"Genki, lesson-4, People_and_Things"
qhbY.$#bCq,部屋,room,Y,へや,,,"Genki, lesson-5, Nouns"
oqtE:UJ&vp,アルバイト,part-time job,Y,,,,"Activities_and_Places, Genki, lesson-4"
Mjvi>|Rn*w,買い物,Shopping,Y,かいもの,,,"Activities_and_Places, Genki, leech, lesson-4"
E{FFYR-akz,クラス,class,Y,,,,"Activities_and_Places, Genki, lesson-4"
Kd)4[ww&m{,お寺,temple,Y,おてら,,,"Activities_and_Places, Genki, lesson-4"
oK{Hj^Y%+.,公園,Park,Y,こうえん,,,"Activities_and_Places, Genki, leech, lesson-4"
H`t~GH48H^,スーパー,supermarket,Y,,,,"Activities_and_Places, Genki, lesson-4"
k~`<*:$XNe,デパート,department store,Y,,,,"Activities_and_Places, Genki, lesson-4"
cuNN`n<:1P,バス停,bus stop,Y,バスてい,,,"Activities_and_Places, Genki, lesson-4"
I-L$QEBz1/,病院,hospital,Y,びょういん,,,"Activities_and_Places, Genki, leech, lesson-4"
n1@PgTFn0:,ホテル,hotel,Y,,,,"Activities_and_Places, Genki, lesson-4"
n{xC}?wb;*,本屋,bookstore,Y,ほんや,,,"Activities_and_Places, Genki, lesson-4"
e1=sZ=~5`+,町,"town, village, block, street",Y,まち,,,"Activities_and_Places, Genki, leech, lesson-4"
eV%b%<?7qx,レストラン,Restaurant,Y,,,,"Activities_and_Places, Genki, lesson-4"
H>Mt4`*2d`,すごく,extremely,Y,,,,"Genki, leech, lesson-5, Verbs_and_Expressions"
"CSG,_kIOFh",それから,and then,Y,,,,"Genki, leech, lesson-5, Verbs_and_Expressions"
JpHWTz6k+R,大丈夫,It's OK.; Not to worry.; Everything is under control.,Y,だいじょうぶ,,,"Genki, lesson-5, Verbs_and_Expressions"
"h__$wB=,qj",とても,very,Y,,,,"Genki, leech, lesson-5, Verbs_and_Expressions"
QbkU6d$d9&,どんな,what kind of...,Y,,,,"Genki, lesson-5, Verbs_and_Expressions"
"Im5XdZLZ?,",～枚,[counter for flat objects],Y,～まい,,,"Genki, Japanese::Counters::枚, leech, lesson-5, Verbs_and_Expressions"
"eA>6.8A,*o",窓口,counter,Y,まどぐち,,,"Genki, leech, lesson-5, Post_Office_Words, Useful_Expressions"
G;Q*OJdcY,保険,insurance,Y,ほけん,,,"Genki, lesson-5, Post_Office_Words, Useful_Expressions"
EUOk{4*v|;,これ、お願いします。,"Can you take care of this, please?",Y,,,,"Genki, lesson-5, Useful_Expressions"
mxZVyS%ya+,山川さん,Mr./Ms. Yamakawa,Y,やまかわさん,,,"Genki, Kanji_Practice, lesson-5, 山"
"Mg[I,^5(dn",地元,local,Y,じもと,,,"Genki, Kanji_Practice, leech, lesson-5, 山"
dJvz2EayN0,電気,electricity,Y,でんき,,,"Genki, Kanji_Practice, leech, lesson-5, 気"
"q6,^uT{GV[",気持ち,feeling,Y,きもち,,,"Genki, Kanji_Practice, leech, lesson-5, 気"
Q%enTJ[w+y,人気,popularity,Y,にんき,,,"Genki, Kanji_Practice, leech, lesson-5, 気"
I/1iS[6@jW,天国,heaven,Y,てんごく,,,"Genki, Kanji_Practice, leech, lesson-5, 気"
l3uIo9n06,天才,genius,Y,てんさい,,,"Genki, Kanji_Practice, lesson-5, 気"
L@/FdV]7iM,私,I,Y,わたし,,,"Genki, Kanji_Practice, lesson-5, 気"
JMqVAj}DmQ,私立大学,private university,Y,しりつだいがく,,,"Genki, Kanji_Practice, leech, lesson-5, 気"
o1XN*zJbWa,私鉄,private railroad,Y,してつ,,,"Genki, Kanji_Practice, lesson-5, 気"
nu`<|vB%xt,田中さん,Mr./Ms. Tanaka,Y,たなかさん,,,"Genki, Kanji_Practice, lesson-5, 今_and_田"
F!_VkP2D1Z,山田さん,Mr./Ms. Yamada,Y,やまださん,,,"Genki, Kanji_Practice, lesson-5, 今_and_田"
eI]JAHpCr$,田んぼ,rice field,Y,たんぼ,,,"Genki, Kanji_Practice, lesson-5, 今_and_田"
f&+:]~2OgO,海,sea,Y,うみ<rt></rt>,,,"Genki, lesson-5, Nouns"
rQ.iT{q!<l,切手,postal stamps,Y,きって,,,"Genki, leech, lesson-5, Nouns"
z[p6jZ~4w|,切符,Ticket,Y,きっぷ,,,"Genki, lesson-5, Nouns"
lM{$^oc$)m,サーフィン,surfing,Y,,,,"Genki, lesson-5, Nouns"
I{Y.6Uq;n%,宿題,homework,Y,しゅくだい,,,"Genki, leech, lesson-5, Nouns"
B]>^Mghcsa,食べ物,food,Y,たべもの,,,"Genki, lesson-5, Nouns"
"zLed8rjz+,",誕生日,birthday,Y,たんじょうび,,,"Genki, leech, lesson-5, Nouns"
I.esXJhcIN,天気,weather,Y,てんき,,,"Genki, leech, lesson-5, Nouns"
v:?fLy7ZV9,飲み物,drink,Y,のみもの,,,"Genki, lesson-5, Nouns"
gteK)YShVU,葉書,postcard,Y,はがき,,,"Genki, leech, lesson-5, Nouns"
fJoTncD0y>,飛行機,airplane,Y,ひこうき,,,"Genki, leech, lesson-5, Nouns"
i405`KYtsr,僕,I (used by men),Y,ぼく,,,"Genki, lesson-5, Nouns"
NBcJFDJhXf,休み,holiday; day off; absence,Y,やすみ,,,"Genki, lesson-5, Nouns"
v!d%[yI^(X,旅行,travel,Y,りょこう,,,"Genki, leech, lesson-5, Nouns"
ze#gs@>&ph,新しい,new,Y,あたらしい,,,"Genki, leech, lesson-5, い-adjectives"
K%G^WDIXZk,暑い,hot (weather),Y,あつい,,,"Genki, lesson-5, い-adjectives"
erKN)K&fCk,熱い,hot (thing),Y,あつい,,,"Genki, lesson-5, い-adjectives"
li6/$r0j9/,忙しい,busy (people/days),Y,いそがしい,,,"Genki, leech, lesson-5, い-adjectives"
A`t_gMI%y},大きい,big / large,Y,おおきい,,,"Genki, lesson-5, い-adjectives"
fL>3<ZInSN,面白い,interesting; funny,Y,おもしろい,,,"Genki, leech, lesson-5, い-adjectives"
"b.Zoz$ZJO,",かっこいい,good-looking,Y,,,,"Genki, leech, lesson-5, い-adjectives"
Pa-(C$QzAW,怖い,frightening,Y,こわい,,,"Genki, lesson-5, い-adjectives"
BZOR<0u2Q],寒い,cold (weather),Y,さむい,,,"Genki, lesson-5, い-adjectives"
b;e#;&5x||,楽しい,fun,Y,たのしい,,,"Genki, leech, lesson-5, い-adjectives"
i1Ur~{xrDD,小さい,small,Y,ちいさい,,,"Genki, lesson-5, い-adjectives"
r]r!p=ul{j,つまらない,boring,Y,,,,"Genki, leech, lesson-5, い-adjectives"
Nb!*3SsM#F,古い,old (thing),Y,ふるい,,,"Genki, leech, lesson-5, い-adjectives"
A@lUwXECtA,難しい,difficult,Y,むずかしい,,,"Genki, leech, lesson-5, い-adjectives"
HS%f(9leR4,やさしい,easy (problem); kind (person),Y,,,,"Genki, leech, lesson-5, い-adjectives"
ouEW*8]rS=,安い,inexpensive; cheap (thing),Y,やすい,,,"Genki, leech, lesson-5, い-adjectives"
x4QNj3y5:h,嫌い,disgusted with; to dislike,Y,きらい（な）,,,"Genki, leech, lesson-5, な-adjectives"
xPKo-X#7v_,きれい（な）,beautiful; clean,Y,,,,"Genki, leech, lesson-5, な-adjectives"
b0fyld=AZn,元気,healthy; energetic,Y,げんき（な）,,,"Genki, lesson-5, な-adjectives"
w?]?Mb|hjD,静か,quiet,Y,しずか（な）,,,"Genki, lesson-5, な-adjectives"
EV5aw+@vL|,好き,fond of; to like,Y,すき（な）,,,"Genki, lesson-5, な-adjectives"
A5E@?nF+X2,大嫌い,to hate,Y,だいきらい（な）,,,"Genki, lesson-5, な-adjectives"
s&|o%MV7.-,大好き,very fond of; to love,Y,だいすき（な）,,,"Genki, lesson-5, な-adjectives"
t4TL4VOTT#,にぎやか（な）,lively,Y,,,,"Genki, leech, lesson-5, な-adjectives"
"tqr2,nP@h}",暇,not busy; to have a lot of free time,Y,ひま（な）,,,"Genki, lesson-5, な-adjectives"
O}ysvX!4#V,一緒に,together,Y,いっしょに,,,"Genki, leech, lesson-5, Verbs_and_Expressions"
M?T3Jw*_Yu,～まで,to (a place); as far as (a place); till (a time),Y,,,,"Genki, leech, lesson-5, Verbs_and_Expressions"
A)=3h4o-.U,きたない,"dirty, messy",Y,,,,"Genki, leech, lesson-5, な-adjectives"
F_DI]nL!DP,めしや,Diner,Y,,,,Japanese::Nouns
Joo%1@XcV7,<div><div>夕食</div></div>,Evening meal / dinner (formal),Y,"<span style=""color: rgb(34, 34, 34);"">ゆう</span><span style=""color: rgb(34, 34, 34);"">しょく</span>",,A more formal way of saying dinner (like you are eating out at a restraurant),"leech, Meals"
k?FP@)7gB.,<div><div>昼食</div></div>,Lunch / midday meal (formal),Y,"<span style=""color: rgb(34, 34, 34);"">ちゅう</span><span style=""color: rgb(34, 34, 34);"">しょく</span>",,A more formal way to say lunch. Like eating out at a restaurant.,Meals
ctMA45D>Cc,二つ目の角を左に曲がる,Turn left at the second corner,Y,ふたつめのかどをひだりにまがる,,,"Directions, Genki, lesson-6, Useful_Expressions"
w^j0vu5ze.,道の左側,Left side of the street,Y,みちのひだりがわ,,,"Directions, Genki, lesson-6, Useful_Expressions"
QHKy1W9S=E,道の右側,Right side of the street,Y,みちのみぎがわ,,,"Directions, Genki, lesson-6, Useful_Expressions"
"Ll|08eapP,",姉,(my) older sister,Y,あね,,,"Genki, leech, lesson-7"
Heas.rlsI+,アパート,apartment,Y,,,,"Genki, lesson-7"
Kx>;L?VF$w,妹,younger sister,Y,いもうと,,,"Genki, leech, lesson-7"
hcMqsBb[[T,歌,song,Y,うた,,,"Genki, lesson-7"
e0A0}m8mb0,おじいさん,grandfather; old man,Y,,,,"Genki, lesson-7"
kJt*B?f/wd,弟,younger brother,Y,おとうと,,,"Genki, lesson-7"
Q@g*=QrRgo,男の人,man,Y,おとこのひと,,,"Genki, leech, lesson-7"
vug[YXKlfk,お兄さん,older brother,Y,おにいさん,,,"Genki, lesson-7"
s!#(fZ)kN7,お姉さん,older sister,Y,おねえさん,,,"Genki, lesson-7"
qP.w3N#0$6,おばあさん,grandmother; old woman,Y,,,,"Genki, lesson-7"
wgxn(a%%Ux,女の人,woman,Y,おんなのひと,,,"Genki, lesson-7"
tAtaaIptF/,家族,family,Y,かぞく,,,"Genki, leech, lesson-7"
gQ&a9bq({<,京子,Kyoko,Y,きょうこ,,,"Genki, Kanji_Practice, lesson-7, 京"
NCOH6>t`pG,京都,Kyoto,Y,きょうと,,,"Genki, Japanese::Cities, Kanji_Practice, lesson-7, 京"
u&LEg:^E_E,上京する,to go to the capital,Y,じょうきょうする,,,"Genki, Kanji_Practice, lesson-7, 京"
Q]Zu9^9^T1,電子辞書,electronic dictionary,Y,でんしじしょ,,,"Genki, Kanji_Practice, lesson-7, 京"
AUkyenwIn~,小学校,elementary school,Y,しょうがっこう,,,"Genki, Kanji_Practice, lesson-7, 京"
tXH`egcIcr,小学生,elementary school student,Y,しょうがくせい,,,"Genki, Kanji_Practice, lesson-7, 京"
uq2w:&=%FC,兄弟,brothers and sisters,Y,きょうだい,,,"Genki, leech, lesson-7"
AE}=!00v>k,国,country; place of origin,Y,くに,,,"Genki, lesson-7"
jEw5ks&3k<,車,car,Y,くるま,,,"Genki, lesson-7"
q#@Vd{kruM,ゲーム,game,Y,,,,"Genki, lesson-7"
A*=*OGjD|3,コンビニ,convenience store,Y,,,,"Genki, lesson-7"
Q*]gexE=6U,サークル,club activity,Y,,,,"Genki, lesson-7"
O|&~448A!,食堂,cafeteria; dining commons,Y,しょくどう,,,"Genki, leech, lesson-7"
xrNqz{%x{|,父,(my) father,Y,ちち,,,"Genki, lesson-7"
CjOdk[73.K,ディーブイディー,DVD,Y,,,,"Genki, lesson-7"
xYxL)*$}b*,母,(my) mother,Y,はは,,,"Genki, lesson-7"
m0s@qzWuEH,眼鏡,glasses,Y,めがね,,,"Genki, lesson-7"
dMtFd*[!R*,会う,to meet,Y,あう,,,"Genki, Kanji_Practice, leech, lesson-7, 会_and_社"
fUTe[[]9v,会社員,office worker,Y,かいしゃいん,,,"Genki, Kanji_Practice, lesson-7, 会_and_社"
fXABxvJ9uu,会議,meeting,Y,かいぎ,,,"Genki, Kanji_Practice, leech, lesson-7, 会_and_社"
fV|O[_V7c+,教会,church,Y,きょうかい,,,"Genki, Kanji_Practice, leech, lesson-7, 会_and_社"
rW#}t;C0NR,神社,shrine,Y,じんじゃ,,,"Genki, Kanji_Practice, lesson-7, 会_and_社"
b-;.SKF2Q{,社会,society,Y,しゃかい,,,"Genki, Kanji_Practice, leech, lesson-7, 会_and_社"
Q_3fhEY{_~,入社,entry to a company,Y,にゅうしゃ,,,"Genki, Kanji_Practice, lesson-7, 会_and_社"
cu#$a-n@jV,頭がいい,bright; smart; clever,Y,あたまがいい,,,"Genki, lesson-7, い-adjectives_and_な-adjectives"
H5Ayvw_4D$,かわいい,cute,Y,,,,"Genki, lesson-7, い-adjectives_and_な-adjectives"
Fld/Q)fRYl,背が高い,tall (stature),Y,せがたかい,,,"Genki, lesson-7, い-adjectives_and_な-adjectives"
"HR,ct-EE>a",背が低い,short (stature),Y,せがひくい,,,"Genki, leech, lesson-7, い-adjectives_and_な-adjectives"
j>A1*_9I&t,長い,long,Y,ながい,,,"Genki, leech, lesson-7, い-adjectives_and_な-adjectives"
r|sK4PRdM-,速い,fast,Y,はやい,,,"Genki, leech, lesson-7, い-adjectives_and_な-adjectives"
O(3/sh}~nw,短い,short (length),Y,みじかい,,,"Genki, leech, lesson-7, い-adjectives_and_な-adjectives"
"H,S^Lhb#}{",親切,kind,Y,しんせつ(な),,,"Genki, leech, lesson-7, い-adjectives_and_な-adjectives"
f]-T|oK8W~,便利,convenient,Y,べんり(な),,,"Genki, lesson-7, い-adjectives_and_な-adjectives"
eFtgL:A{Ou,父,father (formal),Y,ちち,,,"Genki, Kanji_Practice, lesson-7, 父_and_母"
n+tA6i)Z11,お父さん,father,Y,おとうさん,,,"Genki, Kanji_Practice, lesson-7, 父_and_母"
Cx/Bv]!qGn,父母,father and mother,Y,ふぼ,,,"Genki, Kanji_Practice, lesson-7, 父_and_母"
f/O(HNt()(,祖父,my grandfather (formal),Y,そふ,,,"Genki, Kanji_Practice, lesson-7, 父_and_母"
Ec&`k[T7Wi,母,mother (formal),Y,はは,,,"Genki, Kanji_Practice, lesson-7, 父_and_母"
i4|ftV{D-.,お母さん,mother,Y,おかあさん,,,"Genki, Kanji_Practice, lesson-7, 父_and_母"
ff+9R6VVE},母語,mother tongue,Y,ぼご,,,"Genki, Kanji_Practice, lesson-7, 父_and_母"
K$G5lWg`d:,祖母,My grandmother (formal),Y,そぼ,,,"Genki, Kanji_Practice, lesson-7, 父_and_母"
"JP,WfP4,cD",歌う,to sing,Y,うたう,,,"Genki, lesson-7, U-verbs"
M/7pxWK*z*,かぶる,to put on (a hat),Y,,,,"Genki, lesson-7, U-verbs"
rOVPG0S2D),知る,to get to know,Y,しる,,,"Genki, lesson-7, U-verbs"
vnLg&v!nOb,知っています,I know,Y,しっています,,,"Genki, lesson-7, U-verbs"
quN[l7IHi=,知りません,I do not know,Y,しりません,,,"Genki, lesson-7, U-verbs"
rxeD^B3{mx,住む,to live,Y,すむ,,,"Genki, leech, lesson-7, U-verbs"
n$=VNdW175,はく,to put on (items below your waist),Y,,,,"Genki, lesson-7, U-verbs"
o`NtMj@Ehg,太る,to gain weight,Y,ふとる,,,"Genki, lesson-7, U-verbs"
Qld>&@{Uy|,太っています,to be on the heavy side,Y,ふとっています,,,"Genki, lesson-7, U-verbs"
tYmDf2W7R-,(めがねを)かける,to put on (glasses),Y,,,,"Genki, leech, lesson-7, U-verbs"
unC=|xQ#Yh,着る,to put on (clothes above your waist),Y,きる,,,"Genki, leech, lesson-7, U-verbs"
ERwt}<UcU(,勤める,to work for,Y,つとめる,,,"Genki, lesson-7, U-verbs"
crC!nH#!ZP,やせる,to lose weight,Y,,,,"Genki, lesson-7, U-verbs"
f(DBWB~Wl9,やせています,to be thin,Y,,,,"Genki, lesson-7, U-verbs"
MhEw@B28h*,結婚する,to get married,Y,けっこんする,,,"Genki, lesson-7, U-verbs"
x4z!V#D8;{,高い,expensive; high,Y,たかい,,,"Genki, Kanji_Practice, lesson-7, 高"
hcmN|>l!d@,高校,high school,Y,こうこう,,,"Genki, Kanji_Practice, lesson-7, 高"
n>;)ML1eCG,高校生,high school student,Y,こうこうせい,,,"Genki, Kanji_Practice, lesson-7, 高"
ov_+~&eotx,最高,the best,Y,さいこう,,,"Genki, Kanji_Practice, lesson-7, 高"
s8E!9f@%jB,中学校,junior high school,Y,ちゅうがっこう,,,"Genki, Kanji_Practice, lesson-7, 高"
jL-nl]1!QG,毎週,every week,Y,まいしゅう,,,"Genki, Kanji_Practice, lesson-7, 高"
m[Qp}]~waq,毎年,every year,Y,まいねん／まいとし,,,"Genki, Kanji_Practice, lesson-7, 高"
oLv|}z#{jx,～が,"..., but",Y,,,,"Adverbs_and_Other_Expressions, Genki, lesson-7"
oQ.XbEDGbn,何も,nothing,Y,なにも,,,"Adverbs_and_Other_Expressions, Genki, leech, lesson-7"
wfL=E_}oI[,～人,[counter for people],Y,~にん,,,"Adverbs_and_Other_Expressions, Genki, Japanese::Counters::人, lesson-7"
k_Xe+6u9gl,別に,nothing in particular,Y,べつに,,,"Adverbs_and_Other_Expressions, Genki, leech, lesson-7"
nyj-ysY{_2,もしもし,Hello? (used on the phone),Y,,,,"Adverbs_and_Other_Expressions, Genki, lesson-7"
"fC5.,$h0tS",もちろん,of course,Y,,,,"Adverbs_and_Other_Expressions, Genki, leech, lesson-7"
Gv.2X7fRO8,よかったら,if you like,Y,,,,"Adverbs_and_Other_Expressions, Genki, leech, lesson-7"
QC8iJOzwIu,日本語,Japanese (language),Y,にほんご,,,"Genki, Kanji_Practice, lesson-7, 語_and_文"
^$|74ymc|,英語,English (language),Y,えいご,,,"Genki, Kanji_Practice, lesson-7, 語_and_文"
k(shhZR<_L,敬語,honorific expressions,Y,けいご,,,"Genki, Kanji_Practice, leech, lesson-7, 語_and_文"
iy9Lrg=|Bg,文学,literature,Y,ぶんがく,,,"Genki, Kanji_Practice, lesson-7, 語_and_文"
Ig<1GMu`F2,作文,essay / composition,Y,さくぶん,,,"Genki, Kanji_Practice, leech, lesson-7, 語_and_文"
feK<AFF&$w,文字,letter; character,Y,もじ,,,"Genki, Kanji_Practice, lesson-7, 語_and_文"
ivw*7GOb6Y,文化,culture,Y,ぶんか,,,"Genki, Kanji_Practice, leech, lesson-7, 語_and_文"
w>JmqeS-Y,文法,grammar,Y,ぶんぽう,,,"Genki, Kanji_Practice, lesson-7, 語_and_文"
ufF2ce|D_|,耳,ear,Y,みみ,,,"Genki, lesson-7, Parts_of_the_Body, Useful_Expressions"
"JSDyXd._U,",手,hand,Y,て,,,"Genki, lesson-7, Parts_of_the_Body, Useful_Expressions"
s2bsLhZ*]d,首,neck,Y,くび,,,"Genki, leech, lesson-7, Parts_of_the_Body, Useful_Expressions"
A5`Ib~~Lw8,歯,tooth,Y,は,,,"Genki, lesson-7, Parts_of_the_Body, Useful_Expressions"
zypBr#okAv,指,finger,Y,ゆび,,,"Genki, lesson-7, Parts_of_the_Body, Useful_Expressions"
te;*+^_@et,鼻,nose,Y,はな,,,"Genki, lesson-7, Parts_of_the_Body, Useful_Expressions"
orTd)AMxXB,顔,face,Y,かお,,,"Genki, leech, lesson-7, Parts_of_the_Body, Useful_Expressions"
J)vDP(#Xhl,頭,head,Y,あたま,,,"Genki, lesson-7, Parts_of_the_Body, Useful_Expressions"
"q%,x]H5Cz8",肩,shoulder,Y,かた,,,"Genki, lesson-7, Parts_of_the_Body, Useful_Expressions"
Ev!H:1xfbp,胸,chest,Y,むね,,,"Genki, lesson-7, Parts_of_the_Body, Useful_Expressions"
b/r.u^92{`,背中,back (of body),Y,せなか,,,"Genki, lesson-7, Parts_of_the_Body, Useful_Expressions"
kryKq/N;b#,おなか,belly; stomach,Y,,,,"Genki, lesson-7, Parts_of_the_Body, Useful_Expressions"
cogpS561SC,おしり,ass / bottom / buttocks,Y,,,,"Genki, lesson-7, Parts_of_the_Body, Useful_Expressions"
g8.Mwyp4hw,足,foot,Y,あし,,,"Genki, lesson-7, Parts_of_the_Body, Useful_Expressions"
MAN^V2p6.|,帰る,to return,Y,かえる,,,"Genki, Kanji_Practice, lesson-7, 帰_and_入"
eLZGdG[1~6,帰国,returning to one's country,Y,きこく,,,"Genki, Kanji_Practice, leech, lesson-7, 帰_and_入"
McK~m?qZ=[,帰宅,returning home,Y,きたく,,,"Genki, Kanji_Practice, leech, lesson-7, 帰_and_入"
P+jU4^Clca,帰り,return,Y,かえり,,,"Genki, Kanji_Practice, lesson-7, 帰_and_入"
"p.Dg%kW,TM",入口,entrance,Y,いりぐち,,,"Genki, Kanji_Practice, lesson-7, 帰_and_入"
BOzSE^3@YF,入れる,to put something in,Y,いれる,,,"Genki, Kanji_Practice, lesson-7, 帰_and_入"
xQ]>NvC4&+,輸入,import,Y,ゆにゅう,,,"Genki, Kanji_Practice, leech, lesson-7, 帰_and_入"
eJ~%%8]<[4,四人,four people,Y,よにん,,,"Bonus_Vocabulary, Genki, Japanese::Counters::人, lesson-7"
"I,%ltDVc%m",五人,five people,Y,ごにん,,,"Bonus_Vocabulary, Genki, Japanese::Counters::人, lesson-7"
I>8{EF)mS|,六人,six people,Y,ろくにん,,,"Bonus_Vocabulary, Genki, Japanese::Counters::人, lesson-7"
OO{l-F#q-m,七人,seven people,Y,しちにん／ななにん,,,"Bonus_Vocabulary, Genki, Japanese::Counters::人, lesson-7"
PXn}v=Hps:,八人,eight people,Y,はちにん,,,"Bonus_Vocabulary, Genki, Japanese::Counters::人, lesson-7"
kz:ZtAM0d!,9人,nine people,Y,きゅうにん,,,"Bonus_Vocabulary, Genki, Japanese::Counters::人, lesson-7"
F)[&x7{:sc,10人,ten people,Y,じゅうにん,,,"Bonus_Vocabulary, Genki, Japanese::Counters::人, lesson-7"
CsQdsbH)hE,カメラ,camera,Y,,,,"Genki, lesson-8, Nouns_1, Vocabulary"
C5m!olOn.a,カラオケ,karaoke,Y,,,,"Genki, lesson-8, Nouns_1, Vocabulary"
x;$j5/~uyi,空気,air,Y,くうき,,,"Genki, leech, lesson-8, Nouns_1, Vocabulary"
i(2`3M&@bw,会員,member,Y,かいいん,,,"Genki, Kanji_Practice, lesson-8, 員"
i^*5f(Lz-E,聞く,to listen,Y,きく,,,"Genki, Kanji_Practice, lesson-8, 員"
m/2<oJwR^.,作品,artistic piece,Y,さくひん,,,"Genki, Kanji_Practice, leech, lesson-8, 作"
r+N;bOwt3k,事,thing,Y,こと,,,"Genki, Kanji_Practice, leech, lesson-8, 作"
f%EF%Cg;O6,洗う,to wash,Y,あらう,,,"Genki, lesson-8, Vocabulary, な-adjectives_and_U-verbs"
CzO%oE.!yT,いる,to need,Y,,,,"Genki, leech, lesson-8, Vocabulary, な-adjectives_and_U-verbs"
c;&%pzdT1V,遅くなる,to be late,Y,おそくなる,,,"Genki, leech, lesson-8, Vocabulary, な-adjectives_and_U-verbs"
"q#Kx,y@M;g",切る,to cut,Y,きる,,,"Genki, lesson-8, Vocabulary, な-adjectives_and_U-verbs"
Pm_)TBb4h-,持っていく,to take (a thing),Y,もっていく,,,"Genki, leech, lesson-8, Vocabulary, な-adjectives_and_U-verbs"
Bj#$vBBDZ#,車いす,wheel chair,Y,くるまいす,,,"Genki, Kanji_Practice, lesson-8, 電_and_車"
j9gra6b~@H,じろじろ見る,to stare (at...),Y,じろじろみる,,,"Genki, lesson-8, Ru-verbs_and_Irregular_verbs, Vocabulary"
x&&{&GC?xC,始める,to begin,Y,はじめる,,,"Genki, lesson-8, Ru-verbs_and_Irregular_verbs, Vocabulary"
"czuN!>,m9%",洗濯する,to do laundry,Y,せんたくする,,,"Genki, lesson-8, Ru-verbs_and_Irregular_verbs, Vocabulary"
F365n<RO;T,休み,holiday; absence,Y,やすみ,,,"Genki, Kanji_Practice, leech, lesson-8, 休"
PCrHQ4]e(S,休日,holiday,Y,きゅうじつ,,,"Genki, Kanji_Practice, leech, lesson-8, 休"
o%`d{tMBhu,読み物,reading matter; reading material,Y,よみもの,,,"Genki, Kanji_Practice, lesson-8, 休"
"M!R7=,`X9<",うん,uh-huh; yes,Y,,,,"Adverbs_and_Other_Expressions, Genki, lesson-8, Vocabulary"
sCBv[qoi7p,乾杯,Cheers! (a toast),Y,かんぱい,,,"Adverbs_and_Other_Expressions, Genki, lesson-8, Vocabulary"
eKk|{~pa0:,残念(ですね),That's too bad.,Y,ざんねん(ですね),,,"Adverbs_and_Other_Expressions, Genki, leech, lesson-8, Vocabulary"
dZg6M@Cise,～について,about...; concerning...,Y,,,,"Adverbs_and_Other_Expressions, Genki, leech, lesson-8, Vocabulary"
hY`vEi?BnI,まだ+negative,not...yet,Y,,,,"Adverbs_and_Other_Expressions, Genki, lesson-8, Vocabulary"
Qk!h{&EKxO,みんなで,all (of the people) together,Y,,,,"Adverbs_and_Other_Expressions, Genki, lesson-8, Vocabulary"
gLGT4Z}_@v,不思議な,mysterious,Y,ふしぎな,,,"Genki, Kanji_Practice, leech, lesson-8, 思"
U)yiHimmN,思い出す,to recall; to remember,Y,おもいだす,,,"Genki, Kanji_Practice, leech, lesson-8, 思"
B2$;qwt<9l,次女,second daughter,Y,じじょ,,,"Genki, Kanji_Practice, lesson-8, 思"
P664mLGKP#,目次,table of contents,Y,もくじ,,,"Genki, Kanji_Practice, leech, lesson-8, 思"
vC>ll|mv=N,次回,next time,Y,じかい,,,"Genki, Kanji_Practice, leech, lesson-8, 思"
r{.UXOc`9=,何,what,Y,なに,,,"Genki, Kanji_Practice, lesson-8, 思"
fAnU3p@tq6,何時,What time?,Y,なんじ,,,"Genki, Japanese::Phrases, Kanji_Practice, lesson-8, 思"
cVZvD3S*|w,何人,how many people,Y,なんにん,,,"Genki, Kanji_Practice, lesson-8, 思"
BE8m&$N2;O,ご飯,Rice,Y,ごはん,,,"Common_Dishes_in_Japan, Culture_Note, Genki, lesson-8"
"d9Y>&+4sM,",みそ汁,Miso soup,Y,みそしる,,,"Common_Dishes_in_Japan, Culture_Note, Genki, lesson-8"
D:KuORNLb<,おかず,side dish,Y,,,,"Common_Dishes_in_Japan, Culture_Note, Genki, leech, lesson-8"
d%Lh>qB9DF,定食,set meal,Y,ていしょく,,,"Common_Dishes_in_Japan, Culture_Note, Genki, leech, lesson-8"
wHM5G8fW*v,カレーライス,Curry with rice,Y,,,,"Common_Dishes_in_Japan, Culture_Note, Genki, lesson-8"
hY[MVUuoBK,えびフライ,Deep-fried shrimp,Y,,,,"Common_Dishes_in_Japan, Culture_Note, Genki, lesson-8"
l$X*&mE$)~,ラーメン,Ramen noodles,Y,,,,"Common_Dishes_in_Japan, Culture_Note, Genki, lesson-8"
"K?,n!6}}}/",うどん,Udon noodles,Y,,,,"Common_Dishes_in_Japan, Culture_Note, Genki, lesson-8"
";!#.C6},4",ぎょうざ,Dumplings,Y,,,,"Common_Dishes_in_Japan, Culture_Note, Genki, lesson-8"
e<Et7^U+zP,牛丼,Beef rice bowl,Y,ぎゅうどん,,,"Common_Dishes_in_Japan, Culture_Note, Genki, lesson-8"
oF*X&EjQj7,ハンバーガ,Hamburger steak,Y,,,,"Common_Dishes_in_Japan, Culture_Note, Genki, lesson-8"
CTmN00kRkx,さしみ,Raw seafood,Y,,,,"Common_Dishes_in_Japan, Culture_Note, Genki, lesson-8"
wD;WWHO|Iy,お好み焼き,Savory pancake,Y,おこのみやき,,,"Common_Dishes_in_Japan, Culture_Note, Genki, lesson-8"
"j^%nm=9,up",スープ,Soup,Y,,,,"Common_Dishes_in_Japan, Culture_Note, Genki, lesson-8"
Axk~Z;W{K@,ヨーグルト,Yogurt,Y,,,,"Common_Dishes_in_Japan, Culture_Note, Genki, lesson-8"
huUUIvh7&0,焼き魚,Broiled fish,Y,やきざかな,,,"Common_Dishes_in_Japan, Culture_Note, Genki, lesson-8"
s@5P_6a%LK,たまご,Egg,Y,,,,"Common_Dishes_in_Japan, Culture_Note, Genki, lesson-8"
G2]>PoKbED,雨,rain,Y,あめ,,,"Genki, lesson-8, Nouns_1, Vocabulary"
jW8r!q!Sjc,今朝,this morning,Y,けさ,,,"Genki, lesson-8, Nouns_1, Vocabulary"
DGi97yTD}g,黒板,blackboard,Y,こくばん,,,"Genki, lesson-8, Nouns_1, Vocabulary"
j=vS#wgA*.,仕事,job; work; occupation,Y,しごと,,,"Genki, lesson-8, Nouns_1, Vocabulary"
uY8DvPI5%<,店員,store clerk,Y,てんいん,,,"Genki, Kanji_Practice, lesson-8, 員"
f%)?LK2xS3,駅員,station staff,Y,えきいん,,,"Genki, Kanji_Practice, leech, lesson-8, 員"
ONpDGC>w:r,新聞,newspaper,Y,しんぶん,,,"Genki, Kanji_Practice, lesson-8, 員"
x6`;Dwtp+-,新幹線,Bullet Train,Y,しんかんせん,,,"Genki, Kanji_Practice, lesson-8, 員"
yPZ&5@#[1=,新鮮な,fresh,Y,しんせんな,,,"Genki, Kanji_Practice, lesson-8, 員"
elwp<:$|3K,聞こえる,can be heard,Y,きこえる,,,"Genki, Kanji_Practice, lesson-8, 員"
K.bqAIq7dL,天気予報,weather forecast,Y,てんきよほう,,,"Genki, leech, lesson-8, Nouns_2, Vocabulary"
b9Ri8H&qI^,所,place,Y,ところ,,,"Genki, leech, lesson-8, Nouns_2, Vocabulary"
fEc&IIYg6#,トマト,tomato,Y,,,,"Genki, lesson-8, Nouns_2, Vocabulary"
d7c&gPb*qI,夏,summer,Y,なつ,,,"Genki, lesson-8, Nouns_2, Vocabulary"
dy|QYu.QeD,パーティー,party,Y,,,,"Genki, lesson-8, Nouns_2, Vocabulary"
O_Zsx:Ru2S,バーベキュー,barbecue,Y,,,,"Genki, lesson-8, Nouns_2, Vocabulary"
GoNn<&V!qz,はし,chopsticks,Y,,,,"Genki, lesson-8, Nouns_2, Vocabulary"
QS4_r_u|He,冬,winter,Y,ふゆ,,,"Genki, lesson-8, Nouns_2, Vocabulary"
GB.T53iabm,ホームステイ,homestay; living with a local family,Y,,,,"Genki, lesson-8, Nouns_2, Vocabulary"
Fy}{^aO_u#,作者,author,Y,さくしゃ,,,"Genki, Kanji_Practice, leech, lesson-8, 作"
t}^ch4VmKI,仕事,job,Y,しごと,,,"Genki, Kanji_Practice, lesson-8, 作"
CXki11TU5Y,仕返し,revenge,Y,しかえし,,,"Genki, Kanji_Practice, lesson-8, 作"
vipP^<<bb#,仕える,to serve; to work under,Y,つかえる,,,"Genki, Kanji_Practice, leech, lesson-8, 作"
PXp8LW|h#>,火事,fire (disaster),Y,かじ,,,"Genki, Kanji_Practice, lesson-8, 作"
O&q&y0n330,返事,reply,Y,へんじ,,,"Genki, Kanji_Practice, lesson-8, 作"
P1_0$hSkQ],上手,skillful; good at,Y,じょうず(な),,,"Genki, lesson-8, Vocabulary, な-adjectives_and_U-verbs"
f](z(?bX3),下手,clumsy; poor at,Y,へた(な),,,"Genki, lesson-8, Vocabulary, な-adjectives_and_U-verbs"
ApYHwu9M-s,有名,famous,Y,ゆうめい(な),,,"Genki, Japanese::Phrases, leech, lesson-8, Vocabulary, な-adjectives_and_U-verbs"
b@#Ej_d9+C,雨が降る,it rains,Y,あめがふる,,,"Genki, leech, lesson-8, Vocabulary, な-adjectives_and_U-verbs"
l5xNBpt]ag,電話,telephone,Y,でんわ,,,"Genki, Kanji_Practice, lesson-8, 電_and_車"
A%_9/V]0]0,電池,battery,Y,でんち,,,"Genki, Kanji_Practice, lesson-8, 電_and_車"
b~cj;JDYAx,自転車,bicycle,Y,じてんしゃ,,,"Genki, Kanji_Practice, lesson-8, 電_and_車"
A8@zti3Uq=,駐車場,parking lot,Y,ちゅうしゃじょう,,,"Genki, Kanji_Practice, leech, lesson-8, 電_and_車"
y;zoGbbKRO,捨てる,to throw away,Y,すてる,,,"Genki, leech, lesson-8, Ru-verbs_and_Irregular_verbs, Vocabulary"
t<D~^->r`r,運転する,to drive,Y,うんてんする,,,"Genki, lesson-8, Ru-verbs_and_Irregular_verbs, Vocabulary"
w!WzP>VgLO,掃除する,to clean,Y,そうじする,,,"Genki, lesson-8, Ru-verbs_and_Irregular_verbs, Vocabulary"
p%r^Vc#Bbq,電話する,to call,Y,でんわする,,,"Genki, lesson-8, Ru-verbs_and_Irregular_verbs, Vocabulary"
vQ(T=Vl?(;,料理する,to cook,Y,りょうりする,,,"Genki, lesson-8, Ru-verbs_and_Irregular_verbs, Vocabulary"
g<E*>@RtQ_,休む,to be absent; to rest,Y,やすむ,,,"Genki, Kanji_Practice, lesson-8, 休"
H5E.|RrP)2,言語学,linguistics,Y,げんごがく,,,"Genki, Kanji_Practice, leech, lesson-8, 休"
l7:g/f(?xr,方言,dialect,Y,ほうげん,,,"Genki, Kanji_Practice, lesson-8, 休"
D3DM]tR(c),言葉,word; language,Y,ことば,,,"Genki, Kanji_Practice, leech, lesson-8, 休"
qhxM3cb-h_,読書,reading (books),Y,どくしょ,,,"Genki, Kanji_Practice, leech, lesson-8, 休"
"L$paWAPmK,",いつも,always,Y,,,,"Adverbs_and_Other_Expressions, Genki, lesson-8, Vocabulary"
JRE5<j/9ir,ううん,uh-uh; no,Y,,,,"Adverbs_and_Other_Expressions, Genki, lesson-8, Vocabulary"
OE7RGsQj;I,言う,to say,Y,いう,,,"Genki, lesson-8, Vocabulary, な-adjectives_and_U-verbs"
x`Z|Ee0k23,思う,to think,Y,おもう,,,"Genki, leech, lesson-8, Vocabulary, な-adjectives_and_U-verbs"
"JjVpH,f3f_",何か,something,Y,なにか,,,"Genki, lesson-8, Nouns_2, Vocabulary"
c(4Xm1k8dB,作る,to make,Y,つくる,,,"Genki, Kanji_Practice, lesson-8, 作"
gssq;l(e&T,喜ぶ,to be glad,Y,よろこぶ,,,"Emotions, Japanese::Verbs"
yAMcRFw{g=,怒る,to get angry,Y,おこる,,,"Emotions, Japanese::Verbs"
y:`z0c_?%I,悲しむ,to get sad,Y,かなしむ,,,"Emotions, Japanese::Verbs"
drFA9%C#+_,楽しむ,to enjoy (oneself),Y,たのしむ,,,"Emotions, Japanese::Verbs"
x*E$oa*Wg8,妬む,to get jealous,Y,ねたむ ,,,"Emotions, Japanese::Verbs"
ptVK;9^ZsO,驚く,to get surprised,Y,おどろく ,,,"Emotions, Japanese::Verbs"
j*q;U.xdTW,苦しむ,to suffer,Y,くるしむ,,,"Emotions, Japanese::Verbs"
D!y{K=-S}+,悩む,to worry,Y,なやむ,,,"Emotions, Japanese::Verbs"
x2wA[aK!(7,戸惑う,to get confused,Y,とまどう,,,"Emotions, Japanese::Verbs"
y92h]nv*Qk,まがる,To turn,Y,,,,Japanese::Verbs
DC(kej0NaE,暖かい,Warm,Y,あたたかい,,,Japanese::Adjectives
E6(/x|hJ2M,涼しい,Cool,Y,すずしい,,,Japanese::Adjectives
n9]TidN/ie,風,Wind,Y,かぜ,,,Japanese::Adjectives
rn-RBYt~_>,太陽,Sun,Y,たいよう,,,Japanese::Adjectives
u2k+0mO~6*,強い,Strong,Y,つよい,,,Japanese::Adjectives
Bu4S2]P1L_,うわ,Yikes / oops / wow / Argh,Y,,,,Japanese::Expressions
mt%CSvZE_i,少し,Small quantity / little / few,Y,すこし,,,"Japanese::Adverbs, Japanese::Nouns"
OZ:B}.dys.,服 ,Clothes (especially western),Y,ふく,,,Japanese::Nouns
N&Fv!DXy!g,笑う,To laugh,Y,わらう,,,Japanese::Verbs
KKy9mYpiBC,,,,,,,
kL;|.C{M[y,いう,"To say / To declare (So and so said, ""blah"")",Y,,,"Also can be used for ""to name/to call""",Japanese::Verbs
c3oXLkKN64,白い,white,Y,しろい,,,"Genki, lesson-9, Vocabulary, い-adjectives_and_な-adjectives"
z`|l?.gRN1,地名,place name,Y,ちめい,,,"Genki, Kanji_Practice, leech, lesson-9, 名_and_白"
jK+:ZgWir6,もう,already,Y,,,,"Adverbs_and_Other_Expressions, Genki, leech, lesson-9, Vocabulary"
juEdHsY4-],作家,author,Y,さっか,,,"Genki, Kanji_Practice, leech, lesson-9, 間_and_家"
zk.0M*L__n,九つ,Nine things,Y,ここのつ,,,"Genki, lesson-9, Numbers_(to_count_small_items), Vocabulary"
"z<w;,K(@39",少し,little,Y,すこし,,,"Genki, Kanji_Practice, lesson-9, 話_and_少"
h9xJ~NuM8J,黄色い,yellow,Y,きいろい,,,"Color_Names, Genki, leech, lesson-9, Useful_Expressions"
QBsgMi<W[H,茶色い,brown,Y,ちゃいろい,,,"Color_Names, Genki, lesson-9, Useful_Expressions"
sCDSGYjzfn,緑,green,Y,みどり,,,"Color_Names, Genki, lesson-9, Useful_Expressions"
eJ#EKJ%e@1,紫,purple,Y,むらさき,,,"Color_Names, Genki, leech, lesson-9, Useful_Expressions"
cTf7ed`z]X,灰色,gray,Y,はいいろ,,,"Color_Names, Genki, leech, lesson-9, Useful_Expressions"
ozo<gx%KMG,水色,light blue,Y,みずいろ,,,"Color_Names, Genki, lesson-9, Useful_Expressions"
M#xKUrg5W1,ピンク,pink,Y,,,,"Color_Names, Genki, lesson-9, Useful_Expressions"
s#pTKL*5qU,金色,gold,Y,きんいろ／ゴールド,,,"Color_Names, Genki, lesson-9, Useful_Expressions"
mCS<R;Ns=,銀色,silver,Y,ぎんいろ／シルバー,,,"Color_Names, Genki, leech, lesson-9, Useful_Expressions"
j|cI2S9}VP,古い,old (for things),Y,ふるい,,,"Genki, Kanji_Practice, lesson-9, 古"
fL7Iz<4rmJ,中古,secondhand,Y,ちゅうこ,,,"Genki, Kanji_Practice, leech, lesson-9, 古"
w?c;>QBb/$,古代,ancient times,Y,こだい,,,"Genki, Kanji_Practice, leech, lesson-9, 古"
LI6E5)X<La,知る,to know,Y,しる,,,"Genki, Kanji_Practice, lesson-9, 古"
k%[y8azq2^,知人,acquaintance (formal),Y,ちじん,,,"Genki, Kanji_Practice, leech, lesson-9, 古"
CgG6+x8f{B,知り合い,acquaintance,Y,しりあい,,,"Genki, Kanji_Practice, leech, lesson-9, 古"
N9mnBn6yQ_,来ます,to come (long-form),Y,きます,,,"Genki, Kanji_Practice, lesson-9, 古"
s><u]]F!mp,来ない,not to come,Y,こない,,,"Genki, Kanji_Practice, lesson-9, 古"
b>:dJhDI1(,来日,visit to Japan,Y,らいにち,,,"Genki, Kanji_Practice, lesson-9, 古"
zd{]:E4*/N,赤いかばん,red bag,Y,あかいかばん,,,"Colors, Genki, lesson-9, Useful_Expressions"
C}_Q{O`Q;_,赤がいちばん好きです。,I like red the best.,Y,,,,"Colors, Genki, lesson-9, Useful_Expressions"
"v?+fSDW[,i",黒猫,black cat,Y,くろねこ,,,"Colors, Genki, lesson-9, Useful_Expressions"
j8NJ/ufU7S,緑のセーター,green sweater,Y,グリーンのセーター,,,"Colors, Genki, lesson-9, Useful_Expressions"
fy^HYp-.>R,顔が青いですね。,Your face looks pale.,Y,かおがあおいですね。,,,"Colors, Genki, lesson-9, Useful_Expressions"
J/!Cd@E*Ex,白黒の写真,black and white picture,Y,しろくろのしゃしん,,,"Colors, Genki, lesson-9, Useful_Expressions"
NG.%/hPv|A,メアリーさんは金髪です。,Mary has blonde hair.,Y,メアリーさんはきんぱつです。,,,"Colors, Genki, lesson-9, Useful_Expressions"
p_{nUdN@>c,いろいろおせわになりました。,Thank you for everything.,Y,,,,"Genki, lesson-9, Letters, Useful_Expressions"
xJyb#h%SZy,体に気をつけてください。,Please take care of yourself.,Y,,,,"Genki, lesson-9, Letters, Useful_Expressions"
fnz!TBH~6f,お会いできるのを楽しみにしています。,I am looking forward to seeing you.,Y,,,,"Genki, lesson-9, Letters, Useful_Expressions"
"n;0r,cIX)s",～おめでとう（ございます）。,Congratulations on...,Y,,,,"Genki, lesson-9, Letters, Useful_Expressions"
BX9z#qMg8G,（を）たんじょうびおめでとう。,Happy birthday.,Y,,,,"Genki, lesson-9, Letters, Useful_Expressions"
Q}FG(6L?9p,作文,essay; composition,Y,さくぶん,,,"Genki, lesson-9, Nouns, Vocabulary"
F^_J*6Q<!i,試験,exam,Y,しけん,,,"Genki, leech, lesson-9, Nouns, Vocabulary"
AH)&1Mm9k;,単語,word; vocabulary,Y,たんご,,,"Genki, lesson-9, Nouns, Vocabulary"
Pvs^53V_2@,午後,P.M.; in the afternoon,Y,ごご,,,"Genki, Kanji_Practice, lesson-9, 午"
"M~,GIPktsI",正午,noon,Y,しょうご,,,"Genki, Kanji_Practice, lesson-9, 午"
BiFw%aqN^4,名前,name,Y,なまえ,,,"Genki, Kanji_Practice, lesson-9, 午"
yn92H1kYWP,前売り,advance sale,Y,まえうり,,,"Genki, Kanji_Practice, lesson-9, 午"
p2W<reSI3z,青い,blue,Y,あおい,,,"Genki, lesson-9, Vocabulary, い-adjectives_and_な-adjectives"
ml2sa[J59$,赤い,red,Y,あかい,,,"Genki, lesson-9, Vocabulary, い-adjectives_and_な-adjectives"
"cr,pnGZv,F",黒い,black,Y,くろい,,,"Genki, lesson-9, Vocabulary, い-adjectives_and_な-adjectives"
v[L^A!5v~K,寂しい,lonely,Y,さびしい,,,"Genki, leech, lesson-9, Vocabulary, い-adjectives_and_な-adjectives"
"z,Dpts69:w",若い,young,Y,わかい,,,"Genki, lesson-9, Vocabulary, い-adjectives_and_な-adjectives"
IXYR[@3[a%,意地悪,mean-spirited,Y,いじわる(な),,,"Genki, lesson-9, Vocabulary, い-adjectives_and_な-adjectives"
Py=^PpO%f<,氏名,full name,Y,しめい,,,"Genki, Kanji_Practice, lesson-9, 名_and_白"
m4X6;eT:DF,白紙,blank sheet,Y,はくし,,,"Genki, Kanji_Practice, lesson-9, 名_and_白"
cB;6Dozt?),白鳥,swan,Y,はくちょう,,,"Genki, Kanji_Practice, lesson-9, 名_and_白"
bE;.(0Id_R,終わる,(something) ends,Y,おわる,,,"Genki, leech, lesson-9, U-verbs, Vocabulary"
E89ud7y+:v,始まる,(something) begins,Y,はじまる,,,"Genki, lesson-9, U-verbs, Vocabulary"
xb)Q.3p!Tk,運動する,to do physical exercises,Y,うんどうする,,,"Genki, lesson-9, U-verbs, Vocabulary"
L(z)v~VPRv,散歩する,to take a walk,Y,さんぽする,,,"Genki, lesson-9, U-verbs, Vocabulary"
y[-XwZmW&@,辞書,dictionary,Y,じしょ,,,"Genki, Kanji_Practice, lesson-9, 雨"
dqN<4pd4qG,図書館,library,Y,としょかん,,,"Genki, Kanji_Practice, lesson-9, 雨"
caBLvV7N!7,友人,friend (formal),Y,ゆうじん,,,"Genki, Kanji_Practice, leech, lesson-9, 雨"
q4fyG#o5fA,友情,friendship,Y,ゆうじょう,,,"Genki, Kanji_Practice, leech, lesson-9, 雨"
sTW??.=08{,～から,from...,Y,,,,"Adverbs_and_Other_Expressions, Genki, lesson-9, Vocabulary"
Q4IC<!mcmx,是非,by all means,Y,ぜひ,,,"Adverbs_and_Other_Expressions, Genki, leech, lesson-9, Vocabulary"
"gSF#AI,LwC",ところで,by the way,Y,,,,"Adverbs_and_Other_Expressions, Genki, leech, lesson-9, Vocabulary"
Nwb1<cbe$~,みんな,all,Y,,,,"Adverbs_and_Other_Expressions, Genki, lesson-9, Vocabulary"
Hgz3FIu$$f,時間,time,Y,じかん,,,"Genki, Kanji_Practice, lesson-9, 間_and_家"
zM%>}w-y2R,二時間,two hours,Y,にじかん,,,"Genki, Kanji_Practice, lesson-9, 間_and_家"
I-RIvoAs;@,人間,human being,Y,にんげん,,,"Genki, Kanji_Practice, lesson-9, 間_and_家"
qQ?xM_;b{*,一週間,one week,Y,いっしゅうかん,,,"Genki, Kanji_Practice, leech, lesson-9, 間_and_家"
G(6tr~Hg?U,家,house,Y,いえ,,,"Genki, Kanji_Practice, lesson-9, 間_and_家"
e+`@5<O1wV,家,house; home,Y,うち,,,"Genki, Kanji_Practice, lesson-9, 間_and_家"
"swO88f@%J,",家内,my wife,Y,かない,,,"Genki, Kanji_Practice, lesson-9, 間_and_家"
pbX;DgkTv?,一つ,one thing,Y,ひとつ,,,"Genki, lesson-9, Numbers_(to_count_small_items), Vocabulary"
AR-c0ru~YF,二つ,two things,Y,ふたつ,,,"Genki, lesson-9, Numbers_(to_count_small_items), Vocabulary"
BDZlsU9t~I,三つ,three things,Y,みっつ,,,"Genki, lesson-9, Numbers_(to_count_small_items), Vocabulary"
yn|k8??2$V,四つ,four things,Y,よっつ,,,"Genki, lesson-9, Numbers_(to_count_small_items), Vocabulary"
w+1Xx`v4C/,五つ,five things,Y,いつつ,,,"Genki, lesson-9, Numbers_(to_count_small_items), Vocabulary"
"H,tW33C7O%",六つ,six things,Y,むっつ,,,"Genki, lesson-9, Numbers_(to_count_small_items), Vocabulary"
MHNHM8j!ey,七つ,seven things,Y,ななつ,,,"Genki, lesson-9, Numbers_(to_count_small_items), Vocabulary"
m9hgy/Zm-I,八つ,eight things,Y,やっつ,,,"Genki, lesson-9, Numbers_(to_count_small_items), Vocabulary"
s?V:E~w|a6,十,ten,Y,とお,,,"Genki, lesson-9, Numbers_(to_count_small_items), Vocabulary"
E^O=NFN%NT,話す,to speak,Y,はなす,,,"Genki, Kanji_Practice, lesson-9, 話_and_少"
"Qm]bCd,h%C",話,talk; story,Y,はなし,,,"Genki, Kanji_Practice, lesson-9, 話_and_少"
MD:>+doe)_,会話,conversation,Y,かいわ,,,"Genki, Kanji_Practice, lesson-9, 話_and_少"
tfUs|HIo2;,少ない,few,Y,すくない,,,"Genki, Kanji_Practice, lesson-9, 話_and_少"
l|qN;DxT!i,少々,a little,Y,しょうしょう,,,"Genki, Kanji_Practice, leech, lesson-9, 話_and_少"
HLYVBp`kE],少女,girl,Y,しょうじょ,,,"Genki, Kanji_Practice, leech, lesson-9, 話_and_少"
HNU-:+:V2?,少年,boy,Y,しょうねん,,,"Genki, Kanji_Practice, lesson-9, 話_and_少"
pW9kF8ss<V,いい子,good child,Y,いいこ,,,"Genki, lesson-9, Nouns, Vocabulary"
xV?p[S>Bw],色,color,Y,いろ,,,"Genki, lesson-9, Nouns, Vocabulary"
tV7Lazy`4P,お弁当,boxed lunch,Y,おべんとう,,,"Genki, lesson-9, Nouns, Vocabulary"
d^yA0uNXg1,歌舞伎,Kabuki; traditional Japanese theatrical art,Y,かぶき,,,"Genki, lesson-9, Nouns, Vocabulary"
"z,w,dWHrQ@",ギター,guitar,Y,,,,"Genki, lesson-9, Nouns, Vocabulary"
I~5./(;[_p,薬,medicine,Y,くすり,,,"Genki, lesson-9, Nouns, Vocabulary"
y*(]L.W<f|,薬を飲む,to take medicine,Y,くすりをのむ,,,"Genki, lesson-9, Nouns, Vocabulary"
By`bw_Ta&T,今度,near future,Y,こんど,,,"Genki, lesson-9, Nouns, Vocabulary"
u-LH_oX4B],スキー,ski,Y,,,,"Genki, lesson-9, Nouns, Vocabulary"
LEN7r+s-tP,ピアノ,piano,Y,,,,"Genki, lesson-9, Nouns, Vocabulary"
O_8&6w;PIL,ピザ,pizza,Y,,,,"Genki, lesson-9, Nouns, Vocabulary"
DDc=|IG=*&,病気,illness; sickness,Y,びょうき,,,"Genki, leech, lesson-9, Nouns, Vocabulary"
mfE]gN1k%n,午前,A.M.,Y,ごぜん,,,"Genki, Kanji_Practice, lesson-9, 午"
"H,{er3i9O%",午前中,in the morning,Y,ごぜんちゅう,,,"Genki, Kanji_Practice, leech, lesson-9, 午"
"1>G0,AK9.",～の後,after...,Y,～のあと,,,"Genki, Kanji_Practice, lesson-9, 午"
g1t|ivgPkV,後で,later,Y,あとで,,,"Genki, Kanji_Practice, lesson-9, 午"
"HS,UE>/D)D",後ろ,back; behind,Y,うしろ,,,"Genki, Kanji_Practice, lesson-9, 午"
NS1n4EC8HO,最後に,lastly,Y,さいごに,,,"Genki, Kanji_Practice, leech, lesson-9, 午"
f*ad8(8vMP,前,before; front,Y,まえ,,,"Genki, Kanji_Practice, lesson-9, 午"
G{0d9Q`Ur&,有名な,famous,Y,ゆうめいな,,,"Genki, Kanji_Practice, lesson-9, 名_and_白"
"P$:,*/3+Af",名刺,business card,Y,めいし,,,"Genki, Kanji_Practice, lesson-9, 名_and_白"
fEh@J(sK0[,白,white color,Y,しろ,,,"Genki, Kanji_Practice, lesson-9, 名_and_白"
kWnsABv=+n,踊る,to dance,Y,おどる,,,"Genki, leech, lesson-9, U-verbs, Vocabulary"
k--Zt]Z34b,人気がある,to be popular,Y,にんきがある,,,"Genki, lesson-9, U-verbs, Vocabulary"
xA+x0lge^Y,弾く,to play (a string instrument or piano),Y,ひく,,,"Genki, lesson-9, U-verbs, Vocabulary"
Dg+/WYKSph,もらう,to get (from somebody),Y,,,,"Genki, leech, lesson-9, U-verbs, Vocabulary"
iMs!;Jwc~#,覚える,to memorize,Y,おぼえる,,,"Genki, lesson-9, U-verbs, Vocabulary"
"m/(,Fbg.b/",出る,to appear; to attend; to exit,Y,でる,,,"Genki, lesson-9, U-verbs, Vocabulary"
"Lu,S@(tH[0",雨期,rainy season,Y,うき,,,"Genki, Kanji_Practice, lesson-9, 雨"
d8ABg%]?SK,梅雨,rainy season (East Asia),Y,つゆ,,,"Genki, Kanji_Practice, lesson-9, 雨"
fj1~gK:0#6,友だち,friend,Y,ともだち,,,"Genki, Kanji_Practice, lesson-9, 雨"
iM>d+lIzT),親友,best friend,Y,しんゆう,,,"Genki, Kanji_Practice, leech, lesson-9, 雨"
t)wP{a:D?Q,遅れる,"To be late, to be delayed, to fall behind schedule, to be overdue",Y,"
おくれる",,,"Japanese::Verbs, leech"
"$.,ta.n?_",毎月,Every month,Y,"<span style=""color: rgb(34, 34, 34);"">まい</span><span style=""color: rgb(34, 34, 34);"">つき</span>",,,Japanese::Nouns
HXqil$U6K],何？,What?,Y,"<span style=""color: rgb(15, 20, 25);"">なに？</span>",,,Japanese::Phrases
IM|Q#3X#0F,何で？,Why?,Y,"<span style=""color: rgb(15, 20, 25);"">なんで？&nbsp;</span>",,,Japanese::Phrases
OqU(_Lz-*h,何者？,Who are you?,Y,"<span style=""color: rgb(15, 20, 25);"">なにもの？</span>",,,Japanese::Phrases
sgv3D%TNe+,何回？,How many times?,Y,"<span style=""color: rgb(15, 20, 25);"">なんかい？&nbsp;</span>",,,Japanese::Phrases
J.QN*?wrc_,やきゅう,Baseball,Y,,,,Japanese::Sports
xcC@QF3&{4,サッカー,Soccer,Y,,,,Japanese::Sports
CjY]y|Nleu,すもう,Sumo,Y,,,,Japanese::Sports
"n7j>U*y,[;",ゴルフ,Golf,Y,,,,Japanese::Sports
K[.s#!z+N8,プロレス,Pro Wrestling,Y,,,,Japanese::Sports
zX3e_4@/N`,赤ちゃん,Baby,Y,,,,Japanese::Nouns
"h#BSOxs,t^",事実,Fact,Y,じじつ,,,Japanese::Nouns
g#Nbf.~der,...(を)どうおもいますか。,What do you think of [Subject]?,Y,,,,Japanese::Phrases
OSprcVu?=.,季節,season,Y,きせつ,,,"leech, lesson-10"
KXi#HrYB#v,春,spring,Y,はる,,,lesson-10
DFcK{@<FIC,秋,fall,Y,あき,,,"leech, lesson-10"
zbggFz=}IL,牛乳,milk,Y,ぎゅうにゅう,,,lesson-10
z?Vsq_ch)6,ケーキ,cake,Y,,,,lesson-10
wLQ_r)LO4`,すし,sushi,Y,,,,lesson-10
GodGxdO1Ip,天ぷら,tempura,Y,てんぷら,,,lesson-10
Fi-=**SgSp,りんご,apple,Y,,,,lesson-10
GG|]H!0|NW,料理,cuisine,Y,りょうり,,,lesson-10
hd^C/c6E%S,サッカー,soccer,Y,,,,lesson-10
ppq5)#+mee,野球,baseball,Y,やきゅう,,,"Japanese::Sports, lesson-10"
"eNI-1Dkl,y",医者,doctor,Y,いしゃ,,,lesson-10
Ox/3!e43|T,お金持ち,rich person,Y,おかねもち,,,lesson-10
CTNVJ7=_1D,有名人,celebrity,Y,ゆうめいじん,,,lesson-10
Ck|ie>yJ~),顔,face,Y,かお,,,lesson-10
qT8S{k_z8#,年上,someone older,Y,としうえ,,,lesson-10
bb1Uc59;g~,駅,station,Y,えき,,,lesson-10
q?%8i:.x6Q,新幹線,Shinkansen; Bullet Train,Y,しんかんせん,,,lesson-10
"EM,d|7}7e.",地下鉄,subway,Y,ちかてつ,,,lesson-10
C0K]S4lM<Q,船,ship; boat,Y,ふね,,,lesson-10
B_<JXqEGW<,飛行機,airplane,Y,ひこうき,,,lesson-10
Fj(#8C)3nn,予約,reservation,Y,よやく,,,lesson-10
Fy+HCq1Xd:,ツアー,tour,Y,,,,lesson-10
iR+l6_CREO,動物園,zoo,Y,どうぶつえん,,,"leech, lesson-10"
i|$_<H}8h3,時間,time,Y,じかん,,,lesson-10
jaV:>$_a85,世界,world,Y,せかい,,,"leech, lesson-10"
q+0b~r12D_,美容院,beauty parlor,Y,びよういん,,,lesson-10
B)`8D|:L;F,手袋,gloves,Y,てぶくろ,,,lesson-10
A=bj6/X20},生活,life; living,Y,せいかつ,,,"leech, lesson-10"
p[|]ncArY/,今年,this year,Y,ことし,,,lesson-10
jiWY@a/HO*,暖かい,warm,Y,あたたかい,,,"leech, lesson-10"
q5OrLaM:5],涼しい,cool (weather),Y,すずしい,,,lesson-10
MV[D=dq$9z,冷たい,cold (things/people),Y,つめたい,,,lesson-10
GXt4FaI`Km,遅い,slow; late,Y,おそい,,,lesson-10
h|n=9k=`[b,眠い,sleepy,Y,ねむい,,,lesson-10
qsdOSR|1%p,簡単,easy; simple,Y,かんたん（な）,,,"leech, lesson-10"
Pq$FQBU7{P,かかる,to take (amount of time/money),Y,,,,"leech, lesson-10"
"k]DB.7,n&Q",泊まる,"to stay (at a hotel, etc) <small>(～に)</small>",Y,とまる,,,lesson-10
Jh6wm:^]_O,なる,to become,Y,,,,lesson-10
C4/T9@HegA,決める,to decide <small>(<em>～を</em>)</small>,Y,きめる,,,lesson-10
I1C%oWw3/[,ごろごろする,to chill out at home; to stay home and do nothing,Y,,,,lesson-10
EDXGI`oDGw,旅行する,to travel,Y,りょこうする,,,lesson-10
G0/c_?}uGb,練習する,to practice <small>(<em>～を</em>)</small>,Y,れんしゅうする,,,lesson-10
sg-*;(KFDb,住む,to live,Y,すむ,,,lesson-10
Gf`C(`#xXR,住所,address,Y,じゅうしょ,,,"leech, lesson-10"
"EeDIzRD,Zv",移住する,to immigrate,Y,いじゅうする,,,lesson-10
sK<`]@pf_],お正月,New Year,Y,おしょうがつ,,,"leech, lesson-10"
MZ3uh0/M6#,正しい,right,Y,ただしい,,,"leech, lesson-10"
C_9-U*U@x-,正午,noon,Y,しょうご,,,lesson-10
D2~izn-`v9,正解,"Correct<span style=""color: var(--field-fg); background: var(--field-bg);"">&nbsp;answer</span>",Y,せいかい,,,lesson-10
9u~1{n!uu,三年生,third-year student,Y,さんねんせい,,,lesson-10
gxUMtyx-(?,来年,next year,Y,らいねん,,,lesson-10
n>~qOSA^~],今年,this year,Y,ことし,,,lesson-10
xN][yH&mQJ,年,year,Y,とし,,,lesson-10
jp9kyH&G(b,一番,best,Y,いちばん,,,lesson-10
"IX{[mzxJl,",どっち／どちら,which,Y,,,,lesson-10
GgM=XqS=PH,早く／速く,(do something) early; fast,Y,はやく,,,lesson-10
k3-dYz~Get,歩いて,on foot,Y,あるいて,,,lesson-10
A}o5)dQk`S,～で,by (means of transportation); with (a tool),Y,,,,lesson-10
"D9b;mmSF,L",どうやって,how; by what means,Y,,,,lesson-10
K<j:OMf9]a,どのぐらい,how much; how long,Y,,,,lesson-10
"fDAghKk,/d",～週間,for...weeks,Y,～しゅうかん,,,lesson-10
OkF%7B#R6:,～か月,for...months,Y,～かげつ,,,lesson-10
AKigusNP]g,～年,...years,Y,～ねん,,,lesson-10
cw<e9}~x>H,このごろ,recently<br>,Y,このごろ,,,lesson-10
MQi<DwLfIE,～後,in...time; after...,Y,～ご,,,lesson-10
vi$96N!_BR,～か～,or,Y,,,,"leech, lesson-10"
y*G_K}z]}N,売る,to sell,Y,うる,,,lesson-10
j7M!V1tM6j,売店,stand; stall,Y,ばいてん,,,lesson-10
"g,IajT7/u~",自動販売機,vending machine,Y,じどうはんばいき,,,lesson-10
o2sYEAc/yB,買う,to buy,Y,かう,,,lesson-10
p+dP&a)vUW,買い物,shopping,Y,かいもの,,,lesson-10
e;8RAE}X~W,売買,selling and buying,Y,ばいばい,,,lesson-10
Cu]L.Y]1Qo,町,town,Y,まち,,,lesson-10
p#EG*@98i$,北山町,Kitayama town,Y,きたやまちょう,,,"Japanese::Cities, lesson-10"
"IH_L,K?u:_",町長,mayor of a town,Y,ちょうちょう,,,lesson-10
"cB,%HuR>P*",普通,local train,Y,ふつう,,,lesson-10
sk@~^M.}(Y,急行,express train,Y,きゅうこう,,,lesson-10
meRkTv!gb_,特急,super express train,Y,とっきゅう,,,lesson-10
"x]E9,FUQnL",長い,long,Y,ながい,,,lesson-10
pzS>//a/!K,長男,the eldest son,Y,ちょうなん,,,lesson-10
j^5dnW<Mg@,社長,company president,Y,しゃちょう,,,"leech, lesson-10"
"j;QR,Fo?t4",道,way; road,Y,みち,,,lesson-10
piP-?XF)LS,書道,calligraphy,Y,しょどう,,,lesson-10
mANnv/*m25,柔道,judo,Y,じゅうどう,,,lesson-10
oHEuj-lOkj,北海道,Hokkaido,Y,ほっかいどう,,,"Japanese::Cities, lesson-10"
JM7>c{YQHv,雪,snow,Y,ゆき,,,lesson-10
fuHt.uU4(,新雪,new snow,Y,しんせつ,,,lesson-10
A>{y]!xu/U,雪だるま,snowman,Y,ゆきだるま,,,lesson-10
Hx5ekf=5L6,売店,shop; stand,Y,ばいてん,,,lesson-10
w~xxn{+2yS,出口,exit,Y,でぐち,,,lesson-10
QnNZvQ[yd<,入口,entrance,Y,いりぐち,,,lesson-10
nGJR!nbXHb,階段,stairs,Y,かいだん,,,"leech, lesson-10"
ud([Z#8:kU,立つ,to stand,Y,たつ,,,lesson-10
Q._FYd#h.7,自動車,automobile,Y,じどうしゃ,,,lesson-10
FWA-2GEa7L,自転車,bicycle,Y,じてんしゃ,,,lesson-10
I15e:PB08},自由,freedom,Y,じゆう,,,lesson-10
E(kEL!gtEY,夜,night,Y,よる,,,lesson-10
O?(z5Y}Xg/,夜中,middle of night; midnight,Y,よなか,,,lesson-10
rLeWXj9C5e,今夜,tonight,Y,こんや,,,lesson-10
"A2PO{Q,w2v",夜明け,dawn,Y,よあけ,,,lesson-10
f,朝,morning,Y,あさ,,,lesson-10
"vQj#Uq6T,_",今朝,this morning,Y,けさ,,,lesson-10
s/Cf4Y;wgc,朝食,breakfast,Y,ちょうしょく,,,lesson-10
"sT<0,]=g^]",毎朝,every morning,Y,まいあさ,,,lesson-10
Hn_~<tB?bN,持つ,to carry; to hold,Y,もつ,,,lesson-10
z|I9-*^_<v,持ってくる,to bring,Y,もってくる,,,lesson-10
tLFg1Eotg,所持品,belongings,Y,しょじひん,,,lesson-10
hV7dU#4rSm,気持ち,feeling,Y,きもち,,,lesson-10
F/{m@$jg|!,<div>さいきん</div>,Recently,Y,,,,
cdt^*5JQE8,<div>芝生</div>,Grass (Lawn),Y,<div>しばふ</div>,,,Japanese::Nouns
Mal^!|K.H=,おなかがすく,I am hungry,Y,,,,Japanese::Phrases
cJ&pwK29-y,歩く,To walk,Y,あるく,,,"Japanese::Verbs, leech"
c><y}2tKR&,"<span style=""color: rgb(34, 34, 34);"">掛</span><span style=""color: rgb(34, 34, 34);"">け</span><span style=""color: rgb(34, 34, 34);"">る</span>","<span style=""color: rgb(34, 34, 34);"">to put on (e.g. a blanket); to put on top of; to cover; to lay; to spread</span>",Y,かける,,,Japanese::Verbs
eCfzi|f(l0,<div>ソファー</div>,Couch / Sofa,Y,,,,Japanese::Nouns
D@y;~z/UcE,<div>つかっている</div>,Is using,Y,,,,Japanese::Verbs
ObXfKK$l$],<div>つかう</div>,Use,Y,,,,Japanese::Nouns
6]!^^R63P,<div>もう…ましたか</div>,Have you already done?,Y,,,,Japanese::Phrases
tTmRZl3-cV,そして,and,Y,,,,"Adverbs_and_Expressions, Japanese::Adverbs"
l(My5=RWj6,それとも,or,Y,,,,"Adverbs_and_Expressions, Japanese::Adverbs, leech"
qA}&cH=Bgk,それに,besides,Y,,,,"Adverbs_and_Expressions, Japanese::Adverbs"
tjc^T)a8[9,それで,So,Y,,,,"Adverbs_and_Expressions, Japanese::Adverbs, leech"
I3)#X/E//@,<div>困る</div>,<div>to get in trouble</div>,Y,<div>こまる</div>,,,Japanese::Verbs
N8j}IT0~>x,<div>おひるね</div>,Nap,Y,,,,Japanese::Nouns
M@@%UQlI9H,<div>おもちゃ</div>,Toy,Y,,,,Japanese::Nouns
nIw^-X!5+%,<div>現金</div>,Cash $,,<div>げんきん</div>,,,Japanese::Nouns
bBNV+g@|vf,キャッシュレス,Cashless,Y,,,,Japanese::Nouns
"iE,b#bAM,R",<div>クレジットカード</div>,Credit Card,Y,,,,Japanese::Nouns
gae-=?Sipl,かわいそう,Poor / Pity,Y,,,,Japanese::Nouns
jg^P&?q.r~,きめる,To decide / To determine,Y,,,,Japanese::Verbs
xh(*I0&cYw,ラテ,Latte,Y,,,,
tw=i|?Ai2.,フラペチーノ,Frappucinno,Y,,,,
"r,1^ZC`dw(",マキアート,Machiato,Y,,,,
jf~YEar5<B,ティー,Tea,,,,,
C<6/W1|)eb,コールドブリューコーヒー,Cold brew coffee,Y,,,,
"w.zWJ=,7Wz",<div>写真家</div>,Photographer,Y,<div>しゃしんか</div>,,,Japanese::Nouns
BM*#~S^nNE,<div>紅茶</div>,Black tea,Y,<div>こうちゃ</div>,,,Japanese::Nouns
eT@ko=G?MU,<div>夫</div>,Husband,Y,<div>おっと</div>,,,Japanese::Nouns
l1R=$fMU`f,<div>主人</div>,Husband (Master),Y,<div>しゅじん</div>,,,Japanese::Nouns
GfJ.x5av1*,<div>妻</div>,Wife,Y,<div>つま</div>,,,Japanese::Nouns
O;LGd{6^?A,<div>恥</div>,Shame,Y,<div>はじ</div>,,,Japanese::Nouns
i3uw;FcNs},ワクワクする!,I’m excited!,Y,,,,Japanese::Expressions
NniW]H3Qy%,あげる,To Give,Y,,,,Japanese::Verbs
s>c_ej`Sm(,朝,morning,Y,あさ,,,lesson-10
o@?ewRust+,<div>銃</div>,Guns / Arms,Y,<div>じゅう</div>,,,Japanese::Nouns
"eHX,$0xl{^",学割,student discount,Y,がくわり,,,lesson-10
zGuGDt$4[c,片道,one way,Y,かたみち,,,lesson-10
A4n0[z:v<B,お菓子,snacks; sweets,Y,おかし,,,lesson-11
t?TVGv3M9D,お正月,New Year's,Y,おしょうがつ,,,lesson-11
Hd;xIlOGB/,男の子,boy,Y,おとこのこ,,,lesson-11
n6IVCFo@Bz,お祭り,festival,Y,おまつり,,,lesson-11
y5UdslewO.,おもちゃ,toy,Y,,,,lesson-11
sQ|)!(O7b),温泉,spa; hot spring,Y,おんせん,,,lesson-11
I/xF%cb)DU,女の子,girl,Y,おんなのこ,,,lesson-11
DL=zscrEpB,外国,foreign country,Y,がいこく,,,lesson-11
C/4p_x-D>~,歌手,singer,Y,かしゅ,,,lesson-11
o7Zl.?]<6w,川,river,Y,かわ,,,lesson-11
hJLHyt(6bu,キャンプ,camp,Y,,,,lesson-11
pfVLeVg>$:,こちら,this person (polite),Y,,,,lesson-11
u@HB!9/.jj,手紙,letter,Y,てがみ,,,lesson-11
h4RK9?/ll#,歌手,singer,Y,かしゅ,,,lesson-11
NI_];H:W-_,手,hand,Y,て,,,lesson-11
h^/J$m$WKr,手話,sign language,Y,しゅわ,,,lesson-11
k+Xp1t;}`&,上手な,good at,Y,じょうずな,,,lesson-11
uJmMI~BfG{,紙,paper,Y,かみ,,,lesson-11
QM6P?T{o1],和紙,Japanese paper,Y,わし,,,lesson-11
LQc~BVNUHW,表紙,front cover,Y,ひょうし,,,lesson-11
o854xVrfQ},好きな,to like,Y,すきな,,,lesson-11
CK1dc%+)Ld,大好きな,to love,Y,だいすきな,,,lesson-11
p8jkw~:XZr,好意,good will,Y,こうい,,,lesson-11
i%4ADd)-M1,好み,liking; taste,Y,このみ,,,lesson-11
h.m$2k.N!&,好物,favorite food,Y,こうぶつ,,,lesson-11
"Q6QLWS;i3,",今学期,this semester,Y,こんがっき,,,lesson-11
yzV84!`3B9,社長,president of a company,Y,しゃちょう,,,lesson-11
B)&NA@}_LB,授業,class,Y,じゅぎょう,,,lesson-11
r#Zh=@o<1B,将来,future,Y,しょうらい,,,lesson-11
"N,@3n$]9Ef",神社,shrine,Y,じんじゃ,,,lesson-11
f>kbSAUk73,つり,fishing,Y,,,,lesson-11
GPI@>]iu}m,ドライブ,drive,Y,,,,lesson-11
n}y[Yw[4Zs,ビール,beer,Y,,,,lesson-11
"F*W3C,zuW7",美術館,art museum,Y,びじゅつかん,,,lesson-11
sIN^8BMHu],ホストファミリー,host family,Y,,,,lesson-11
KZNmr(>;I_,湖,lake,Y,みずうみ,,,lesson-11
Nj%{E*SuHz,山,mountain,Y,やま,,,lesson-11
vhVw&ANB8G,夢,dream,Y,ゆめ,,,lesson-11
"Pya:6,)7i(",ルームメート,roommate,Y,,,,lesson-11
"F$`R{8`,}#",近く,near; nearby,Y,ちかく,,,lesson-11
~JQ4JI`xg,近所,neighborhood,Y,きんじょ,,,lesson-11
O_I6q(94X8,最近,recently,Y,さいきん,,,lesson-11
psO9zudHql,中近東,the Middle and Near East,Y,ちゅうきんとう,,,lesson-11
zV#KJil=pu,明るい,cheerful; bright,Y,あかるい,,,lesson-11
ksn^OgyFxa,明日,tomorrow,Y,あした,,,lesson-11
xDR6U*96gV,説明,explanation,Y,せつめい,,,lesson-11
c>y)2ShDjg,発明,invention,Y,はつめい,,,lesson-11
N9S.|8);6;,文明,civilization,Y,ぶんめい,,,lesson-11
O$CWM%_#+7,病院,hospital,Y,びょういん,,,lesson-11
K)GFz`!dc4,病気,illness,Y,びょうき,,,lesson-11
oWJ1:wojzH,重病,serious illness,Y,じゅうびょう,,,lesson-11
PTXS5><RQM,急病,sudden illness,Y,きゅうびょう,,,lesson-11
HM9uy$4Dm@,大学院,graduate school,Y,だいがくいん,,,lesson-11
P-nU^Ua1lv,美容院,beauty parlor,Y,びよういん,,,lesson-11
jh>9o$El-T,うそをつく,to tell a lie,Y,,,,lesson-11
Dg89vq4q2.,おなかがすく,to become hungry,Y,,,,lesson-11
Mrt/-::w5!,飼う,to own (a pet),Y,かう,,,lesson-11
hXJ3;MyLq^,サボる,to cut (classes),Y,,,,lesson-11
KlfIIP{9^I,取る,to take (a class); to get (a grade),Y,とる,,,lesson-11
uG3nG5jV:(,習う,to learn,Y,ならう,,,lesson-11
x`j83B>+x3,登る,to climb,Y,のぼる,,,lesson-11
"i2rX0+Y)u,",働く,to work,Y,はたらく,,,lesson-11
s])cv#<_n0,疲れる,to get tired,Y,つかれる,,,lesson-11
QqIQE^g+Jb,やめる,to quit,Y,,,,lesson-11
"k,lw<~/?0E",けんかする,to have a fight; to quarrel,Y,,,,lesson-11
dHQ]<~C:Ew,紹介する,to introduce,Y,しょうかいする,,,lesson-11
LF1u|dFLyQ,ダイエットする,to go on a diet,Y,,,,lesson-11
Egp%A0&@V!,遅刻する,to be late (for an appointment),Y,ちこくする,,,lesson-11
CmYs#NeY&2,留学する,to study abroad,Y,りゅうがくする,,,lesson-11
zNT_0Z:AV9,映画,movie,Y,えいが,,,lesson-11
J6a5Nq0vJ4,映画館,movie theater,Y,えいがかん,,,lesson-11
gnBi{3EabL,映る,to be reflected,Y,うつる,,,lesson-11
J*Qc[*@_F.,画家,painter,Y,がか,,,lesson-11
P2(S2X;=2z,計画,plan,Y,けいかく,,,lesson-11
f2t+kKyu(~,漫画,comic,Y,まんが,,,lesson-11
z#S(q2Z#k`,歌う,to sing,Y,うたう,,,lesson-11
j_Zk@l%>uX,歌,song,Y,うた,,,lesson-11
LhttkFfvs-,歌手,singer,Y,かしゅ,,,lesson-11
o1@dJcfCh:,国歌,national anthem,Y,こっか,,,lesson-11
y?8E=b@H7L,歌舞伎,Kabuki,Y,かぶき,,,lesson-11
dQaM(pkm#b,歌詞,lyrics,Y,かし,,,lesson-11
K<_[p[y:WZ,後,after (an event),Y,あと,,,lesson-11
BsUjlFn!/3,出身,coming from,Y,しゅっしん,,,lesson-11
j1PAoo%a{9,そして,and then,Y,,,,lesson-11
C_[H+7>0wn,～だけ,just...; only...,Y,,,,lesson-11
Q?+w{QZya<,～点,...points,Y,～てん,,,lesson-11
m`$zKU;%xa,久しぶり,it has been a long time,Y,ひさしぶり,,,lesson-11
pGtQvESW*b,まあまあ,okay; so-so,Y,,,,lesson-11
ik!XIe>e#W,もっと,more,Y,,,,lesson-11
iqL2=HIe?r,川口市,Kawaguchi City,Y,かわぐちし,,,lesson-11
bw?o4$JsbF,市役所,city hall,Y,しやくしょ,,,lesson-11
CoW-UGJaNq,市長,mayor,Y,しちょう,,,lesson-11
6[v/}E#BI,市場,market,Y,いちば,,,lesson-11
z>^<E~2fnJ,いろいろな所,various places,Y,いろいろなところ,,,lesson-11
dwr<6Nb&(G,近所,neighborhood,Y,きんじょ,,,lesson-11
"gw$E6-{,*N",台所,kitchen,Y,だいどころ,,,lesson-11
e@M!&ez2O%,住所,address,Y,じゅうしょ,,,lesson-11
lA-lU+Zu}],勉強する,to study,Y,べんきょうする,,,lesson-11
bm4k`^h;zY,勉める,to try hard,Y,つとめる,,,lesson-11
sv&B^ZWo)^,勤勉な,diligent,Y,きんべんな,,,lesson-11
q(?FJC;Q-f,職業,occupation; business,Y,しょくぎょう,,,lesson-11
hb8Z%:dBk`,作家,writer,Y,さっか,,,lesson-11
A2eFsmN$-*,ジャーナリスト,journalist,Y,,,,lesson-11
s=zX{qvu[H,警察官,police officer,Y,けいさつかん,,,lesson-11
IPflpFI7l*,俳優,actor; actress,Y,はいゆう,,,lesson-11
mem$+?^LVX,女優,actress,Y,じょゆう,,,lesson-11
JqvZQy2cK#,看護師,nurse,Y,かんごし,,,lesson-11
gux6YX_!}N,消防士,firefighter,Y,しょうぼうし,,,lesson-11
FP+1JhLQx+,漫画家,cartoonist,Y,まんがか,,,lesson-11
svW>ZXWdMA,宇宙飛行士,astronaut,Y,うちゅうひこうし,,,lesson-11
P)CU595{xY,野球選手,baseball player,Y,やきゅうせんしゅ,,,lesson-11
qIuk_hL>?i,大統領,president of a country,Y,だいとうりょう,,,lesson-11
"P^J#,j;uBN",勉強する,to study,Y,べんきょうする,,,lesson-11
Py7JXuOA_%,強い,strong,Y,つよい,,,lesson-11
g_8K-zErm9,強情な,obstinate,Y,ごうじょうな,,,lesson-11
D<$:Xty/K},強盗,robbery,Y,ごうとう,,,lesson-11
"m`iBC+pO:,",強力な,powerful,Y,きょうりょくな,,,lesson-11
"Lz!!,/*A9Q",有名な,famous,Y,ゆうめいな,,,lesson-11
m.Qq7l>sSZ,有料,toll; fee,Y,ゆうりょう,,,lesson-11
b4qD{o]oh9,有る,to exist,Y,ある,,,lesson-11
xxV+wOKxGi,有能な,talented,Y,ゆうのうな,,,lesson-11
c0<Lu[}42r,旅行,travel,Y,りょこう,,,lesson-11
"IW2Z6k{wP,",旅館,inn,Y,りょかん,,,lesson-11
Q})X:IG[8E,一人旅,traveling alone,Y,ひとりたび,,,lesson-11
v*_*<1Ag`-,旅券,passport,Y,りょけん,,,lesson-11
